[2026-01-15T10:40:26.642+0000] {manager.py:469} INFO - Processing files using up to 2 processes at a time 
[2026-01-15T10:40:26.643+0000] {manager.py:470} INFO - Process each file at most once every 30 seconds
[2026-01-15T10:40:26.644+0000] {manager.py:471} INFO - Checking for new files in /opt/airflow/dags every 300 seconds
[2026-01-15T10:40:26.645+0000] {manager.py:738} INFO - Searching for files in /opt/airflow/dags
[2026-01-15T10:40:26.677+0000] {manager.py:741} INFO - There are 48 files in /opt/airflow/dags
[2026-01-15T10:40:26.856+0000] {manager.py:879} INFO - 
================================================================================
DAG File Processing Stats

File Path                                                                                                                           PID  Runtime      # DAGs    # Errors  Last Runtime    Last Run
--------------------------------------------------------------------------------------------------------------------------------  -----  ---------  --------  ----------  --------------  ----------
/home/airflow/.local/lib/python3.8/site-packages/airflow/example_dags/example_dag_decorator.py                                       46  0.06s             0           0
/home/airflow/.local/lib/python3.8/site-packages/airflow/example_dags/example_branch_labels.py                                       47  0.05s             0           0
/home/airflow/.local/lib/python3.8/site-packages/airflow/example_dags/example_python_decorator.py                                                          0           0
/home/airflow/.local/lib/python3.8/site-packages/airflow/example_dags/example_setup_teardown.py                                                            0           0
/home/airflow/.local/lib/python3.8/site-packages/airflow/example_dags/example_kubernetes_executor.py                                                       0           0
/home/airflow/.local/lib/python3.8/site-packages/airflow/example_dags/example_short_circuit_operator.py                                                    0           0
/home/airflow/.local/lib/python3.8/site-packages/airflow/example_dags/example_latest_only_with_trigger.py                                                  0           0
/home/airflow/.local/lib/python3.8/site-packages/airflow/example_dags/example_time_delta_sensor_async.py                                                   0           0
/home/airflow/.local/lib/python3.8/site-packages/airflow/example_dags/example_skip_dag.py                                                                  0           0
/home/airflow/.local/lib/python3.8/site-packages/airflow/example_dags/example_branch_operator.py                                                           0           0
/home/airflow/.local/lib/python3.8/site-packages/airflow/example_dags/example_sensor_decorator.py                                                          0           0
/home/airflow/.local/lib/python3.8/site-packages/airflow/example_dags/tutorial_objectstorage.py                                                            0           0
/home/airflow/.local/lib/python3.8/site-packages/airflow/example_dags/tutorial_taskflow_api_virtualenv.py                                                  0           0
/home/airflow/.local/lib/python3.8/site-packages/airflow/example_dags/example_nested_branch_dag.py                                                         0           0
/home/airflow/.local/lib/python3.8/site-packages/airflow/example_dags/example_short_circuit_decorator.py                                                   0           0
/home/airflow/.local/lib/python3.8/site-packages/airflow/example_dags/tutorial.py                                                                          0           0
/home/airflow/.local/lib/python3.8/site-packages/airflow/example_dags/example_passing_params_via_test_command.py                                           0           0
/home/airflow/.local/lib/python3.8/site-packages/airflow/example_dags/example_setup_teardown_taskflow.py                                                   0           0
/home/airflow/.local/lib/python3.8/site-packages/airflow/example_dags/example_branch_operator_decorator.py                                                 0           0
/home/airflow/.local/lib/python3.8/site-packages/airflow/example_dags/tutorial_taskflow_api.py                                                             0           0
/home/airflow/.local/lib/python3.8/site-packages/airflow/example_dags/example_params_trigger_ui.py                                                         0           0
/home/airflow/.local/lib/python3.8/site-packages/airflow/example_dags/example_dynamic_task_mapping_with_no_taskflow_operators.py                           0           0
/home/airflow/.local/lib/python3.8/site-packages/airflow/example_dags/example_trigger_controller_dag.py                                                    0           0
/home/airflow/.local/lib/python3.8/site-packages/airflow/example_dags/example_subdag_operator.py                                                           0           0
/home/airflow/.local/lib/python3.8/site-packages/airflow/example_dags/example_local_kubernetes_executor.py                                                 0           0
/home/airflow/.local/lib/python3.8/site-packages/airflow/example_dags/example_external_task_marker_dag.py                                                  0           0
/home/airflow/.local/lib/python3.8/site-packages/airflow/example_dags/example_python_operator.py                                                           0           0
/home/airflow/.local/lib/python3.8/site-packages/airflow/example_dags/example_datasets.py                                                                  0           0
/home/airflow/.local/lib/python3.8/site-packages/airflow/example_dags/example_bash_operator.py                                                             0           0
/home/airflow/.local/lib/python3.8/site-packages/airflow/example_dags/example_branch_python_dop_operator_3.py                                              0           0
/home/airflow/.local/lib/python3.8/site-packages/airflow/example_dags/example_sensors.py                                                                   0           0
/home/airflow/.local/lib/python3.8/site-packages/airflow/example_dags/example_complex.py                                                                   0           0
/home/airflow/.local/lib/python3.8/site-packages/airflow/example_dags/example_xcom.py                                                                      0           0
/home/airflow/.local/lib/python3.8/site-packages/airflow/example_dags/example_branch_day_of_week_operator.py                                               0           0
/home/airflow/.local/lib/python3.8/site-packages/airflow/example_dags/example_sla_dag.py                                                                   0           0
/home/airflow/.local/lib/python3.8/site-packages/airflow/example_dags/example_latest_only.py                                                               0           0
/home/airflow/.local/lib/python3.8/site-packages/airflow/example_dags/example_task_group_decorator.py                                                      0           0
/home/airflow/.local/lib/python3.8/site-packages/airflow/example_dags/example_params_ui_tutorial.py                                                        0           0
/home/airflow/.local/lib/python3.8/site-packages/airflow/example_dags/example_task_group.py                                                                0           0
/home/airflow/.local/lib/python3.8/site-packages/airflow/example_dags/example_dynamic_task_mapping.py                                                      0           0
/home/airflow/.local/lib/python3.8/site-packages/airflow/example_dags/example_trigger_target_dag.py                                                        0           0
/home/airflow/.local/lib/python3.8/site-packages/airflow/example_dags/example_xcomargs.py                                                                  0           0
/home/airflow/.local/lib/python3.8/site-packages/airflow/example_dags/tutorial_dag.py                                                                      0           0
/home/airflow/.local/lib/python3.8/site-packages/airflow/example_dags/example_branch_datetime_operator.py                                                  0           0
/home/airflow/.local/lib/python3.8/site-packages/airflow/example_dags/plugins/listener_plugin.py                                                           0           0
/home/airflow/.local/lib/python3.8/site-packages/airflow/example_dags/plugins/event_listener.py                                                            0           0
/home/airflow/.local/lib/python3.8/site-packages/airflow/example_dags/plugins/workday.py                                                                   0           0
/home/airflow/.local/lib/python3.8/site-packages/airflow/example_dags/subdags/subdag.py                                                                    0           0
================================================================================
[2026-01-15T10:40:57.599+0000] {manager.py:879} INFO - 
================================================================================
DAG File Processing Stats

File Path                                                                                                                           PID  Runtime      # DAGs    # Errors  Last Runtime    Last Run
--------------------------------------------------------------------------------------------------------------------------------  -----  ---------  --------  ----------  --------------  -------------------
/home/airflow/.local/lib/python3.8/site-packages/airflow/example_dags/plugins/listener_plugin.py                                                           0           0  0.09s           2026-01-15T10:40:31
/home/airflow/.local/lib/python3.8/site-packages/airflow/example_dags/plugins/event_listener.py                                                            0           0  0.11s           2026-01-15T10:40:31
/home/airflow/.local/lib/python3.8/site-packages/airflow/example_dags/plugins/workday.py                                                                   0           0  1.46s           2026-01-15T10:40:32
/home/airflow/.local/lib/python3.8/site-packages/airflow/example_dags/subdags/subdag.py                                                                    0           0  0.09s           2026-01-15T10:40:31
/home/airflow/.local/lib/python3.8/site-packages/airflow/example_dags/example_dag_decorator.py                                      107  0.02s             1           0  0.40s           2026-01-15T10:40:27
/home/airflow/.local/lib/python3.8/site-packages/airflow/example_dags/example_branch_labels.py                                      108  0.01s             1           0  0.18s           2026-01-15T10:40:26
/home/airflow/.local/lib/python3.8/site-packages/airflow/example_dags/example_python_decorator.py                                                          1           0  0.17s           2026-01-15T10:40:27
/home/airflow/.local/lib/python3.8/site-packages/airflow/example_dags/example_setup_teardown.py                                                            1           0  0.17s           2026-01-15T10:40:27
/home/airflow/.local/lib/python3.8/site-packages/airflow/example_dags/example_kubernetes_executor.py                                                       1           0  0.15s           2026-01-15T10:40:27
/home/airflow/.local/lib/python3.8/site-packages/airflow/example_dags/example_short_circuit_operator.py                                                    1           0  0.16s           2026-01-15T10:40:27
/home/airflow/.local/lib/python3.8/site-packages/airflow/example_dags/example_latest_only_with_trigger.py                                                  1           0  0.20s           2026-01-15T10:40:27
/home/airflow/.local/lib/python3.8/site-packages/airflow/example_dags/example_time_delta_sensor_async.py                                                   1           0  0.15s           2026-01-15T10:40:27
/home/airflow/.local/lib/python3.8/site-packages/airflow/example_dags/example_skip_dag.py                                                                  1           0  0.19s           2026-01-15T10:40:27
/home/airflow/.local/lib/python3.8/site-packages/airflow/example_dags/example_branch_operator.py                                                           1           0  0.20s           2026-01-15T10:40:27
/home/airflow/.local/lib/python3.8/site-packages/airflow/example_dags/example_sensor_decorator.py                                                          1           0  0.23s           2026-01-15T10:40:28
/home/airflow/.local/lib/python3.8/site-packages/airflow/example_dags/tutorial_objectstorage.py                                                            1           0  0.17s           2026-01-15T10:40:28
/home/airflow/.local/lib/python3.8/site-packages/airflow/example_dags/tutorial_taskflow_api_virtualenv.py                                                  1           0  0.18s           2026-01-15T10:40:28
/home/airflow/.local/lib/python3.8/site-packages/airflow/example_dags/example_nested_branch_dag.py                                                         1           0  0.20s           2026-01-15T10:40:28
/home/airflow/.local/lib/python3.8/site-packages/airflow/example_dags/example_short_circuit_decorator.py                                                   1           0  0.17s           2026-01-15T10:40:28
/home/airflow/.local/lib/python3.8/site-packages/airflow/example_dags/tutorial.py                                                                          1           0  0.17s           2026-01-15T10:40:28
/home/airflow/.local/lib/python3.8/site-packages/airflow/example_dags/example_passing_params_via_test_command.py                                           1           0  0.22s           2026-01-15T10:40:28
/home/airflow/.local/lib/python3.8/site-packages/airflow/example_dags/example_setup_teardown_taskflow.py                                                   1           0  0.23s           2026-01-15T10:40:28
/home/airflow/.local/lib/python3.8/site-packages/airflow/example_dags/example_branch_operator_decorator.py                                                 1           0  0.25s           2026-01-15T10:40:29
/home/airflow/.local/lib/python3.8/site-packages/airflow/example_dags/tutorial_taskflow_api.py                                                             1           0  0.17s           2026-01-15T10:40:28
/home/airflow/.local/lib/python3.8/site-packages/airflow/example_dags/example_params_trigger_ui.py                                                         1           0  0.17s           2026-01-15T10:40:29
/home/airflow/.local/lib/python3.8/site-packages/airflow/example_dags/example_dynamic_task_mapping_with_no_taskflow_operators.py                           1           0  0.20s           2026-01-15T10:40:29
/home/airflow/.local/lib/python3.8/site-packages/airflow/example_dags/example_trigger_controller_dag.py                                                    1           0  0.15s           2026-01-15T10:40:29
/home/airflow/.local/lib/python3.8/site-packages/airflow/example_dags/example_local_kubernetes_executor.py                                                 1           0  0.17s           2026-01-15T10:40:29
/home/airflow/.local/lib/python3.8/site-packages/airflow/example_dags/example_python_operator.py                                                           1           0  0.16s           2026-01-15T10:40:29
/home/airflow/.local/lib/python3.8/site-packages/airflow/example_dags/example_bash_operator.py                                                             1           0  0.21s           2026-01-15T10:40:29
/home/airflow/.local/lib/python3.8/site-packages/airflow/example_dags/example_branch_python_dop_operator_3.py                                              1           0  0.19s           2026-01-15T10:40:30
/home/airflow/.local/lib/python3.8/site-packages/airflow/example_dags/example_sensors.py                                                                   1           0  0.15s           2026-01-15T10:40:30
/home/airflow/.local/lib/python3.8/site-packages/airflow/example_dags/example_complex.py                                                                   1           0  0.14s           2026-01-15T10:40:30
/home/airflow/.local/lib/python3.8/site-packages/airflow/example_dags/example_xcom.py                                                                      1           0  0.16s           2026-01-15T10:40:30
/home/airflow/.local/lib/python3.8/site-packages/airflow/example_dags/example_branch_day_of_week_operator.py                                               1           0  0.17s           2026-01-15T10:40:30
/home/airflow/.local/lib/python3.8/site-packages/airflow/example_dags/example_sla_dag.py                                                                   1           0  0.16s           2026-01-15T10:40:30
/home/airflow/.local/lib/python3.8/site-packages/airflow/example_dags/example_latest_only.py                                                               1           0  0.16s           2026-01-15T10:40:30
/home/airflow/.local/lib/python3.8/site-packages/airflow/example_dags/example_task_group_decorator.py                                                      1           0  0.16s           2026-01-15T10:40:30
/home/airflow/.local/lib/python3.8/site-packages/airflow/example_dags/example_params_ui_tutorial.py                                                        1           0  0.17s           2026-01-15T10:40:30
/home/airflow/.local/lib/python3.8/site-packages/airflow/example_dags/example_task_group.py                                                                1           0  0.22s           2026-01-15T10:40:30
/home/airflow/.local/lib/python3.8/site-packages/airflow/example_dags/example_dynamic_task_mapping.py                                                      1           0  0.18s           2026-01-15T10:40:30
/home/airflow/.local/lib/python3.8/site-packages/airflow/example_dags/example_trigger_target_dag.py                                                        1           0  0.15s           2026-01-15T10:40:30
/home/airflow/.local/lib/python3.8/site-packages/airflow/example_dags/tutorial_dag.py                                                                      1           0  0.14s           2026-01-15T10:40:31
/home/airflow/.local/lib/python3.8/site-packages/airflow/example_dags/example_external_task_marker_dag.py                                                  2           0  0.17s           2026-01-15T10:40:29
/home/airflow/.local/lib/python3.8/site-packages/airflow/example_dags/example_xcomargs.py                                                                  2           0  0.15s           2026-01-15T10:40:31
/home/airflow/.local/lib/python3.8/site-packages/airflow/example_dags/example_subdag_operator.py                                                           3           0  0.19s           2026-01-15T10:40:29
/home/airflow/.local/lib/python3.8/site-packages/airflow/example_dags/example_branch_datetime_operator.py                                                  3           0  0.20s           2026-01-15T10:40:31
/home/airflow/.local/lib/python3.8/site-packages/airflow/example_dags/example_datasets.py                                                                  6           0  0.21s           2026-01-15T10:40:29
================================================================================
[2026-01-15T10:41:27.772+0000] {manager.py:879} INFO - 
================================================================================
DAG File Processing Stats

File Path                                                                                                                         PID    Runtime      # DAGs    # Errors  Last Runtime    Last Run
--------------------------------------------------------------------------------------------------------------------------------  -----  ---------  --------  ----------  --------------  -------------------
/home/airflow/.local/lib/python3.8/site-packages/airflow/example_dags/plugins/listener_plugin.py                                                           0           0  0.08s           2026-01-15T10:41:04
/home/airflow/.local/lib/python3.8/site-packages/airflow/example_dags/plugins/event_listener.py                                                            0           0  0.08s           2026-01-15T10:41:04
/home/airflow/.local/lib/python3.8/site-packages/airflow/example_dags/plugins/workday.py                                                                   0           0  0.60s           2026-01-15T10:41:05
/home/airflow/.local/lib/python3.8/site-packages/airflow/example_dags/subdags/subdag.py                                                                    0           0  0.09s           2026-01-15T10:41:04
/home/airflow/.local/lib/python3.8/site-packages/airflow/example_dags/example_dag_decorator.py                                                             1           0  0.40s           2026-01-15T10:40:57
/home/airflow/.local/lib/python3.8/site-packages/airflow/example_dags/example_branch_labels.py                                                             1           0  0.43s           2026-01-15T10:40:58
/home/airflow/.local/lib/python3.8/site-packages/airflow/example_dags/example_python_decorator.py                                                          1           0  0.27s           2026-01-15T10:40:58
/home/airflow/.local/lib/python3.8/site-packages/airflow/example_dags/example_setup_teardown.py                                                            1           0  0.26s           2026-01-15T10:40:58
/home/airflow/.local/lib/python3.8/site-packages/airflow/example_dags/example_kubernetes_executor.py                                                       1           0  0.27s           2026-01-15T10:40:58
/home/airflow/.local/lib/python3.8/site-packages/airflow/example_dags/example_short_circuit_operator.py                                                    1           0  0.25s           2026-01-15T10:40:58
/home/airflow/.local/lib/python3.8/site-packages/airflow/example_dags/example_latest_only_with_trigger.py                                                  1           0  0.24s           2026-01-15T10:40:58
/home/airflow/.local/lib/python3.8/site-packages/airflow/example_dags/example_time_delta_sensor_async.py                                                   1           0  0.27s           2026-01-15T10:40:59
/home/airflow/.local/lib/python3.8/site-packages/airflow/example_dags/example_skip_dag.py                                                                  1           0  0.29s           2026-01-15T10:40:59
/home/airflow/.local/lib/python3.8/site-packages/airflow/example_dags/example_branch_operator.py                                                           1           0  0.29s           2026-01-15T10:40:59
/home/airflow/.local/lib/python3.8/site-packages/airflow/example_dags/example_sensor_decorator.py                                                          1           0  0.22s           2026-01-15T10:40:59
/home/airflow/.local/lib/python3.8/site-packages/airflow/example_dags/tutorial_objectstorage.py                                                            1           0  0.22s           2026-01-15T10:40:59
/home/airflow/.local/lib/python3.8/site-packages/airflow/example_dags/tutorial_taskflow_api_virtualenv.py                                                  1           0  0.25s           2026-01-15T10:40:59
/home/airflow/.local/lib/python3.8/site-packages/airflow/example_dags/example_nested_branch_dag.py                                                         1           0  0.27s           2026-01-15T10:40:59
/home/airflow/.local/lib/python3.8/site-packages/airflow/example_dags/example_short_circuit_decorator.py                                                   1           0  0.25s           2026-01-15T10:40:59
/home/airflow/.local/lib/python3.8/site-packages/airflow/example_dags/tutorial.py                                                                          1           0  0.25s           2026-01-15T10:41:00
/home/airflow/.local/lib/python3.8/site-packages/airflow/example_dags/example_passing_params_via_test_command.py                                           1           0  0.25s           2026-01-15T10:41:00
/home/airflow/.local/lib/python3.8/site-packages/airflow/example_dags/example_setup_teardown_taskflow.py                                                   1           0  0.25s           2026-01-15T10:41:00
/home/airflow/.local/lib/python3.8/site-packages/airflow/example_dags/example_branch_operator_decorator.py                                                 1           0  0.27s           2026-01-15T10:41:00
/home/airflow/.local/lib/python3.8/site-packages/airflow/example_dags/tutorial_taskflow_api.py                                                             1           0  0.25s           2026-01-15T10:41:00
/home/airflow/.local/lib/python3.8/site-packages/airflow/example_dags/example_params_trigger_ui.py                                                         1           0  0.29s           2026-01-15T10:41:00
/home/airflow/.local/lib/python3.8/site-packages/airflow/example_dags/example_dynamic_task_mapping_with_no_taskflow_operators.py                           1           0  0.31s           2026-01-15T10:41:00
/home/airflow/.local/lib/python3.8/site-packages/airflow/example_dags/example_trigger_controller_dag.py                                                    1           0  0.28s           2026-01-15T10:41:00
/home/airflow/.local/lib/python3.8/site-packages/airflow/example_dags/example_local_kubernetes_executor.py                                                 1           0  0.30s           2026-01-15T10:41:01
/home/airflow/.local/lib/python3.8/site-packages/airflow/example_dags/example_python_operator.py                                                           1           0  0.26s           2026-01-15T10:41:01
/home/airflow/.local/lib/python3.8/site-packages/airflow/example_dags/example_bash_operator.py                                                             1           0  0.32s           2026-01-15T10:41:01
/home/airflow/.local/lib/python3.8/site-packages/airflow/example_dags/example_branch_python_dop_operator_3.py                                              1           0  0.35s           2026-01-15T10:41:02
/home/airflow/.local/lib/python3.8/site-packages/airflow/example_dags/example_sensors.py                                                                   1           0  0.31s           2026-01-15T10:41:02
/home/airflow/.local/lib/python3.8/site-packages/airflow/example_dags/example_complex.py                                                                   1           0  0.28s           2026-01-15T10:41:02
/home/airflow/.local/lib/python3.8/site-packages/airflow/example_dags/example_xcom.py                                                                      1           0  0.26s           2026-01-15T10:41:02
/home/airflow/.local/lib/python3.8/site-packages/airflow/example_dags/example_branch_day_of_week_operator.py                                               1           0  0.29s           2026-01-15T10:41:02
/home/airflow/.local/lib/python3.8/site-packages/airflow/example_dags/example_sla_dag.py                                                                   1           0  0.29s           2026-01-15T10:41:02
/home/airflow/.local/lib/python3.8/site-packages/airflow/example_dags/example_latest_only.py                                                               1           0  0.32s           2026-01-15T10:41:03
/home/airflow/.local/lib/python3.8/site-packages/airflow/example_dags/example_task_group_decorator.py                                                      1           0  0.36s           2026-01-15T10:41:03
/home/airflow/.local/lib/python3.8/site-packages/airflow/example_dags/example_params_ui_tutorial.py                                                        1           0  0.38s           2026-01-15T10:41:03
/home/airflow/.local/lib/python3.8/site-packages/airflow/example_dags/example_task_group.py                                                                1           0  0.32s           2026-01-15T10:41:03
/home/airflow/.local/lib/python3.8/site-packages/airflow/example_dags/example_dynamic_task_mapping.py                                                      1           0  0.31s           2026-01-15T10:41:03
/home/airflow/.local/lib/python3.8/site-packages/airflow/example_dags/example_trigger_target_dag.py                                                        1           0  0.30s           2026-01-15T10:41:03
/home/airflow/.local/lib/python3.8/site-packages/airflow/example_dags/tutorial_dag.py                                                                      1           0  0.31s           2026-01-15T10:41:04
/home/airflow/.local/lib/python3.8/site-packages/airflow/example_dags/example_external_task_marker_dag.py                                                  2           0  0.30s           2026-01-15T10:41:01
/home/airflow/.local/lib/python3.8/site-packages/airflow/example_dags/example_xcomargs.py                                                                  2           0  0.33s           2026-01-15T10:41:04
/home/airflow/.local/lib/python3.8/site-packages/airflow/example_dags/example_subdag_operator.py                                                           3           0  0.31s           2026-01-15T10:41:01
/home/airflow/.local/lib/python3.8/site-packages/airflow/example_dags/example_branch_datetime_operator.py                                                  3           0  0.34s           2026-01-15T10:41:04
/home/airflow/.local/lib/python3.8/site-packages/airflow/example_dags/example_datasets.py                                                                  6           0  0.45s           2026-01-15T10:41:02
================================================================================
[2026-01-15T10:41:58.183+0000] {manager.py:879} INFO - 
================================================================================
DAG File Processing Stats

File Path                                                                                                                         PID    Runtime      # DAGs    # Errors  Last Runtime    Last Run
--------------------------------------------------------------------------------------------------------------------------------  -----  ---------  --------  ----------  --------------  -------------------
/home/airflow/.local/lib/python3.8/site-packages/airflow/example_dags/plugins/listener_plugin.py                                                           0           0  0.09s           2026-01-15T10:41:35
/home/airflow/.local/lib/python3.8/site-packages/airflow/example_dags/plugins/event_listener.py                                                            0           0  0.06s           2026-01-15T10:41:35
/home/airflow/.local/lib/python3.8/site-packages/airflow/example_dags/plugins/workday.py                                                                   0           0  0.62s           2026-01-15T10:41:36
/home/airflow/.local/lib/python3.8/site-packages/airflow/example_dags/subdags/subdag.py                                                                    0           0  0.07s           2026-01-15T10:41:35
/home/airflow/.local/lib/python3.8/site-packages/airflow/example_dags/example_dag_decorator.py                                                             1           0  0.29s           2026-01-15T10:41:28
/home/airflow/.local/lib/python3.8/site-packages/airflow/example_dags/example_branch_labels.py                                                             1           0  0.13s           2026-01-15T10:41:28
/home/airflow/.local/lib/python3.8/site-packages/airflow/example_dags/example_python_decorator.py                                                          1           0  0.13s           2026-01-15T10:41:28
/home/airflow/.local/lib/python3.8/site-packages/airflow/example_dags/example_setup_teardown.py                                                            1           0  0.12s           2026-01-15T10:41:28
/home/airflow/.local/lib/python3.8/site-packages/airflow/example_dags/example_kubernetes_executor.py                                                       1           0  0.15s           2026-01-15T10:41:28
/home/airflow/.local/lib/python3.8/site-packages/airflow/example_dags/example_short_circuit_operator.py                                                    1           0  0.15s           2026-01-15T10:41:28
/home/airflow/.local/lib/python3.8/site-packages/airflow/example_dags/example_latest_only_with_trigger.py                                                  1           0  0.13s           2026-01-15T10:41:28
/home/airflow/.local/lib/python3.8/site-packages/airflow/example_dags/example_time_delta_sensor_async.py                                                   1           0  0.12s           2026-01-15T10:41:29
/home/airflow/.local/lib/python3.8/site-packages/airflow/example_dags/example_skip_dag.py                                                                  1           0  0.12s           2026-01-15T10:41:29
/home/airflow/.local/lib/python3.8/site-packages/airflow/example_dags/example_branch_operator.py                                                           1           0  0.14s           2026-01-15T10:41:30
/home/airflow/.local/lib/python3.8/site-packages/airflow/example_dags/example_sensor_decorator.py                                                          1           0  0.12s           2026-01-15T10:41:30
/home/airflow/.local/lib/python3.8/site-packages/airflow/example_dags/tutorial_objectstorage.py                                                            1           0  0.12s           2026-01-15T10:41:30
/home/airflow/.local/lib/python3.8/site-packages/airflow/example_dags/tutorial_taskflow_api_virtualenv.py                                                  1           0  0.13s           2026-01-15T10:41:30
/home/airflow/.local/lib/python3.8/site-packages/airflow/example_dags/example_nested_branch_dag.py                                                         1           0  0.15s           2026-01-15T10:41:30
/home/airflow/.local/lib/python3.8/site-packages/airflow/example_dags/example_short_circuit_decorator.py                                                   1           0  0.15s           2026-01-15T10:41:30
/home/airflow/.local/lib/python3.8/site-packages/airflow/example_dags/tutorial.py                                                                          1           0  0.12s           2026-01-15T10:41:30
/home/airflow/.local/lib/python3.8/site-packages/airflow/example_dags/example_passing_params_via_test_command.py                                           1           0  0.14s           2026-01-15T10:41:30
/home/airflow/.local/lib/python3.8/site-packages/airflow/example_dags/example_setup_teardown_taskflow.py                                                   1           0  0.13s           2026-01-15T10:41:30
/home/airflow/.local/lib/python3.8/site-packages/airflow/example_dags/example_branch_operator_decorator.py                                                 1           0  0.15s           2026-01-15T10:41:31
/home/airflow/.local/lib/python3.8/site-packages/airflow/example_dags/tutorial_taskflow_api.py                                                             1           0  0.11s           2026-01-15T10:41:31
/home/airflow/.local/lib/python3.8/site-packages/airflow/example_dags/example_params_trigger_ui.py                                                         1           0  0.15s           2026-01-15T10:41:31
/home/airflow/.local/lib/python3.8/site-packages/airflow/example_dags/example_dynamic_task_mapping_with_no_taskflow_operators.py                           1           0  0.13s           2026-01-15T10:41:31
/home/airflow/.local/lib/python3.8/site-packages/airflow/example_dags/example_trigger_controller_dag.py                                                    1           0  0.13s           2026-01-15T10:41:31
/home/airflow/.local/lib/python3.8/site-packages/airflow/example_dags/example_local_kubernetes_executor.py                                                 1           0  0.14s           2026-01-15T10:41:31
/home/airflow/.local/lib/python3.8/site-packages/airflow/example_dags/example_python_operator.py                                                           1           0  0.14s           2026-01-15T10:41:32
/home/airflow/.local/lib/python3.8/site-packages/airflow/example_dags/example_bash_operator.py                                                             1           0  0.16s           2026-01-15T10:41:32
/home/airflow/.local/lib/python3.8/site-packages/airflow/example_dags/example_branch_python_dop_operator_3.py                                              1           0  0.13s           2026-01-15T10:41:32
/home/airflow/.local/lib/python3.8/site-packages/airflow/example_dags/example_sensors.py                                                                   1           0  0.14s           2026-01-15T10:41:33
/home/airflow/.local/lib/python3.8/site-packages/airflow/example_dags/example_complex.py                                                                   1           0  0.15s           2026-01-15T10:41:33
/home/airflow/.local/lib/python3.8/site-packages/airflow/example_dags/example_xcom.py                                                                      1           0  0.13s           2026-01-15T10:41:33
/home/airflow/.local/lib/python3.8/site-packages/airflow/example_dags/example_branch_day_of_week_operator.py                                               1           0  0.14s           2026-01-15T10:41:33
/home/airflow/.local/lib/python3.8/site-packages/airflow/example_dags/example_sla_dag.py                                                                   1           0  0.15s           2026-01-15T10:41:33
/home/airflow/.local/lib/python3.8/site-packages/airflow/example_dags/example_latest_only.py                                                               1           0  0.14s           2026-01-15T10:41:33
/home/airflow/.local/lib/python3.8/site-packages/airflow/example_dags/example_task_group_decorator.py                                                      1           0  0.15s           2026-01-15T10:41:33
/home/airflow/.local/lib/python3.8/site-packages/airflow/example_dags/example_params_ui_tutorial.py                                                        1           0  0.18s           2026-01-15T10:41:33
/home/airflow/.local/lib/python3.8/site-packages/airflow/example_dags/example_task_group.py                                                                1           0  0.14s           2026-01-15T10:41:33
/home/airflow/.local/lib/python3.8/site-packages/airflow/example_dags/example_dynamic_task_mapping.py                                                      1           0  0.14s           2026-01-15T10:41:34
/home/airflow/.local/lib/python3.8/site-packages/airflow/example_dags/example_trigger_target_dag.py                                                        1           0  0.12s           2026-01-15T10:41:34
/home/airflow/.local/lib/python3.8/site-packages/airflow/example_dags/tutorial_dag.py                                                                      1           0  0.13s           2026-01-15T10:41:35
/home/airflow/.local/lib/python3.8/site-packages/airflow/example_dags/example_external_task_marker_dag.py                                                  2           0  0.16s           2026-01-15T10:41:32
/home/airflow/.local/lib/python3.8/site-packages/airflow/example_dags/example_xcomargs.py                                                                  2           0  0.14s           2026-01-15T10:41:35
/home/airflow/.local/lib/python3.8/site-packages/airflow/example_dags/example_subdag_operator.py                                                           3           0  0.16s           2026-01-15T10:41:31
/home/airflow/.local/lib/python3.8/site-packages/airflow/example_dags/example_branch_datetime_operator.py                                                  3           0  0.17s           2026-01-15T10:41:35
/home/airflow/.local/lib/python3.8/site-packages/airflow/example_dags/example_datasets.py                                                                  6           0  0.19s           2026-01-15T10:41:32
================================================================================
[2026-01-15T10:42:28.280+0000] {manager.py:879} INFO - 
================================================================================
DAG File Processing Stats

File Path                                                                                                                         PID    Runtime      # DAGs    # Errors  Last Runtime    Last Run
--------------------------------------------------------------------------------------------------------------------------------  -----  ---------  --------  ----------  --------------  -------------------
/home/airflow/.local/lib/python3.8/site-packages/airflow/example_dags/plugins/listener_plugin.py                                                           0           0  0.07s           2026-01-15T10:42:05
/home/airflow/.local/lib/python3.8/site-packages/airflow/example_dags/plugins/event_listener.py                                                            0           0  0.08s           2026-01-15T10:42:05
/home/airflow/.local/lib/python3.8/site-packages/airflow/example_dags/plugins/workday.py                                                                   0           0  0.60s           2026-01-15T10:42:07
/home/airflow/.local/lib/python3.8/site-packages/airflow/example_dags/subdags/subdag.py                                                                    0           0  0.08s           2026-01-15T10:42:05
/home/airflow/.local/lib/python3.8/site-packages/airflow/example_dags/example_dag_decorator.py                                                             1           0  0.30s           2026-01-15T10:41:58
/home/airflow/.local/lib/python3.8/site-packages/airflow/example_dags/example_branch_labels.py                                                             1           0  0.13s           2026-01-15T10:41:58
/home/airflow/.local/lib/python3.8/site-packages/airflow/example_dags/example_python_decorator.py                                                          1           0  0.13s           2026-01-15T10:41:58
/home/airflow/.local/lib/python3.8/site-packages/airflow/example_dags/example_setup_teardown.py                                                            1           0  0.13s           2026-01-15T10:41:58
/home/airflow/.local/lib/python3.8/site-packages/airflow/example_dags/example_kubernetes_executor.py                                                       1           0  0.14s           2026-01-15T10:41:59
/home/airflow/.local/lib/python3.8/site-packages/airflow/example_dags/example_short_circuit_operator.py                                                    1           0  0.13s           2026-01-15T10:41:59
/home/airflow/.local/lib/python3.8/site-packages/airflow/example_dags/example_latest_only_with_trigger.py                                                  1           0  0.12s           2026-01-15T10:41:59
/home/airflow/.local/lib/python3.8/site-packages/airflow/example_dags/example_time_delta_sensor_async.py                                                   1           0  0.13s           2026-01-15T10:42:00
/home/airflow/.local/lib/python3.8/site-packages/airflow/example_dags/example_skip_dag.py                                                                  1           0  0.14s           2026-01-15T10:42:00
/home/airflow/.local/lib/python3.8/site-packages/airflow/example_dags/example_branch_operator.py                                                           1           0  0.15s           2026-01-15T10:42:00
/home/airflow/.local/lib/python3.8/site-packages/airflow/example_dags/example_sensor_decorator.py                                                          1           0  0.12s           2026-01-15T10:42:00
/home/airflow/.local/lib/python3.8/site-packages/airflow/example_dags/tutorial_objectstorage.py                                                            1           0  0.12s           2026-01-15T10:42:00
/home/airflow/.local/lib/python3.8/site-packages/airflow/example_dags/tutorial_taskflow_api_virtualenv.py                                                  1           0  0.13s           2026-01-15T10:42:00
/home/airflow/.local/lib/python3.8/site-packages/airflow/example_dags/example_nested_branch_dag.py                                                         1           0  0.14s           2026-01-15T10:42:00
/home/airflow/.local/lib/python3.8/site-packages/airflow/example_dags/example_short_circuit_decorator.py                                                   1           0  0.15s           2026-01-15T10:42:00
/home/airflow/.local/lib/python3.8/site-packages/airflow/example_dags/tutorial.py                                                                          1           0  0.12s           2026-01-15T10:42:00
/home/airflow/.local/lib/python3.8/site-packages/airflow/example_dags/example_passing_params_via_test_command.py                                           1           0  0.15s           2026-01-15T10:42:01
/home/airflow/.local/lib/python3.8/site-packages/airflow/example_dags/example_setup_teardown_taskflow.py                                                   1           0  0.14s           2026-01-15T10:42:01
/home/airflow/.local/lib/python3.8/site-packages/airflow/example_dags/example_branch_operator_decorator.py                                                 1           0  0.15s           2026-01-15T10:42:01
/home/airflow/.local/lib/python3.8/site-packages/airflow/example_dags/tutorial_taskflow_api.py                                                             1           0  0.11s           2026-01-15T10:42:01
/home/airflow/.local/lib/python3.8/site-packages/airflow/example_dags/example_params_trigger_ui.py                                                         1           0  0.15s           2026-01-15T10:42:01
/home/airflow/.local/lib/python3.8/site-packages/airflow/example_dags/example_dynamic_task_mapping_with_no_taskflow_operators.py                           1           0  0.13s           2026-01-15T10:42:01
/home/airflow/.local/lib/python3.8/site-packages/airflow/example_dags/example_trigger_controller_dag.py                                                    1           0  0.13s           2026-01-15T10:42:01
/home/airflow/.local/lib/python3.8/site-packages/airflow/example_dags/example_local_kubernetes_executor.py                                                 1           0  0.15s           2026-01-15T10:42:01
/home/airflow/.local/lib/python3.8/site-packages/airflow/example_dags/example_python_operator.py                                                           1           0  0.22s           2026-01-15T10:42:02
/home/airflow/.local/lib/python3.8/site-packages/airflow/example_dags/example_bash_operator.py                                                             1           0  0.15s           2026-01-15T10:42:03
/home/airflow/.local/lib/python3.8/site-packages/airflow/example_dags/example_branch_python_dop_operator_3.py                                              1           0  0.15s           2026-01-15T10:42:03
/home/airflow/.local/lib/python3.8/site-packages/airflow/example_dags/example_sensors.py                                                                   1           0  0.13s           2026-01-15T10:42:03
/home/airflow/.local/lib/python3.8/site-packages/airflow/example_dags/example_complex.py                                                                   1           0  0.14s           2026-01-15T10:42:03
/home/airflow/.local/lib/python3.8/site-packages/airflow/example_dags/example_xcom.py                                                                      1           0  0.14s           2026-01-15T10:42:03
/home/airflow/.local/lib/python3.8/site-packages/airflow/example_dags/example_branch_day_of_week_operator.py                                               1           0  0.13s           2026-01-15T10:42:03
/home/airflow/.local/lib/python3.8/site-packages/airflow/example_dags/example_sla_dag.py                                                                   1           0  0.14s           2026-01-15T10:42:03
/home/airflow/.local/lib/python3.8/site-packages/airflow/example_dags/example_latest_only.py                                                               1           0  0.14s           2026-01-15T10:42:03
/home/airflow/.local/lib/python3.8/site-packages/airflow/example_dags/example_task_group_decorator.py                                                      1           0  0.14s           2026-01-15T10:42:03
/home/airflow/.local/lib/python3.8/site-packages/airflow/example_dags/example_params_ui_tutorial.py                                                        1           0  0.17s           2026-01-15T10:42:04
/home/airflow/.local/lib/python3.8/site-packages/airflow/example_dags/example_task_group.py                                                                1           0  0.14s           2026-01-15T10:42:04
/home/airflow/.local/lib/python3.8/site-packages/airflow/example_dags/example_dynamic_task_mapping.py                                                      1           0  0.14s           2026-01-15T10:42:05
/home/airflow/.local/lib/python3.8/site-packages/airflow/example_dags/example_trigger_target_dag.py                                                        1           0  0.12s           2026-01-15T10:42:05
/home/airflow/.local/lib/python3.8/site-packages/airflow/example_dags/tutorial_dag.py                                                                      1           0  0.12s           2026-01-15T10:42:05
/home/airflow/.local/lib/python3.8/site-packages/airflow/example_dags/example_external_task_marker_dag.py                                                  2           0  0.22s           2026-01-15T10:42:02
/home/airflow/.local/lib/python3.8/site-packages/airflow/example_dags/example_xcomargs.py                                                                  2           0  0.15s           2026-01-15T10:42:05
/home/airflow/.local/lib/python3.8/site-packages/airflow/example_dags/example_subdag_operator.py                                                           3           0  0.16s           2026-01-15T10:42:01
/home/airflow/.local/lib/python3.8/site-packages/airflow/example_dags/example_branch_datetime_operator.py                                                  3           0  0.15s           2026-01-15T10:42:05
/home/airflow/.local/lib/python3.8/site-packages/airflow/example_dags/example_datasets.py                                                                  6           0  0.20s           2026-01-15T10:42:03
================================================================================
[2026-01-15T10:42:58.475+0000] {manager.py:879} INFO - 
================================================================================
DAG File Processing Stats

File Path                                                                                                                         PID    Runtime      # DAGs    # Errors  Last Runtime    Last Run
--------------------------------------------------------------------------------------------------------------------------------  -----  ---------  --------  ----------  --------------  -------------------
/home/airflow/.local/lib/python3.8/site-packages/airflow/example_dags/plugins/listener_plugin.py                                                           0           0  0.07s           2026-01-15T10:42:35
/home/airflow/.local/lib/python3.8/site-packages/airflow/example_dags/plugins/event_listener.py                                                            0           0  0.06s           2026-01-15T10:42:35
/home/airflow/.local/lib/python3.8/site-packages/airflow/example_dags/plugins/workday.py                                                                   0           0  0.49s           2026-01-15T10:42:38
/home/airflow/.local/lib/python3.8/site-packages/airflow/example_dags/subdags/subdag.py                                                                    0           0  0.07s           2026-01-15T10:42:35
/home/airflow/.local/lib/python3.8/site-packages/airflow/example_dags/example_dag_decorator.py                                                             1           0  0.31s           2026-01-15T10:42:29
/home/airflow/.local/lib/python3.8/site-packages/airflow/example_dags/example_branch_labels.py                                                             1           0  0.13s           2026-01-15T10:42:28
/home/airflow/.local/lib/python3.8/site-packages/airflow/example_dags/example_python_decorator.py                                                          1           0  0.12s           2026-01-15T10:42:29
/home/airflow/.local/lib/python3.8/site-packages/airflow/example_dags/example_setup_teardown.py                                                            1           0  0.13s           2026-01-15T10:42:29
/home/airflow/.local/lib/python3.8/site-packages/airflow/example_dags/example_kubernetes_executor.py                                                       1           0  0.14s           2026-01-15T10:42:29
/home/airflow/.local/lib/python3.8/site-packages/airflow/example_dags/example_short_circuit_operator.py                                                    1           0  0.13s           2026-01-15T10:42:29
/home/airflow/.local/lib/python3.8/site-packages/airflow/example_dags/example_latest_only_with_trigger.py                                                  1           0  0.12s           2026-01-15T10:42:29
/home/airflow/.local/lib/python3.8/site-packages/airflow/example_dags/example_time_delta_sensor_async.py                                                   1           0  0.15s           2026-01-15T10:42:30
/home/airflow/.local/lib/python3.8/site-packages/airflow/example_dags/example_skip_dag.py                                                                  1           0  0.16s           2026-01-15T10:42:30
/home/airflow/.local/lib/python3.8/site-packages/airflow/example_dags/example_branch_operator.py                                                           1           0  0.14s           2026-01-15T10:42:30
/home/airflow/.local/lib/python3.8/site-packages/airflow/example_dags/example_sensor_decorator.py                                                          1           0  0.13s           2026-01-15T10:42:30
/home/airflow/.local/lib/python3.8/site-packages/airflow/example_dags/tutorial_objectstorage.py                                                            1           0  0.13s           2026-01-15T10:42:30
/home/airflow/.local/lib/python3.8/site-packages/airflow/example_dags/tutorial_taskflow_api_virtualenv.py                                                  1           0  0.13s           2026-01-15T10:42:30
/home/airflow/.local/lib/python3.8/site-packages/airflow/example_dags/example_nested_branch_dag.py                                                         1           0  0.14s           2026-01-15T10:42:31
/home/airflow/.local/lib/python3.8/site-packages/airflow/example_dags/example_short_circuit_decorator.py                                                   1           0  0.13s           2026-01-15T10:42:31
/home/airflow/.local/lib/python3.8/site-packages/airflow/example_dags/tutorial.py                                                                          1           0  0.13s           2026-01-15T10:42:31
/home/airflow/.local/lib/python3.8/site-packages/airflow/example_dags/example_passing_params_via_test_command.py                                           1           0  0.14s           2026-01-15T10:42:31
/home/airflow/.local/lib/python3.8/site-packages/airflow/example_dags/example_setup_teardown_taskflow.py                                                   1           0  0.14s           2026-01-15T10:42:31
/home/airflow/.local/lib/python3.8/site-packages/airflow/example_dags/example_branch_operator_decorator.py                                                 1           0  0.14s           2026-01-15T10:42:31
/home/airflow/.local/lib/python3.8/site-packages/airflow/example_dags/tutorial_taskflow_api.py                                                             1           0  0.12s           2026-01-15T10:42:31
/home/airflow/.local/lib/python3.8/site-packages/airflow/example_dags/example_params_trigger_ui.py                                                         1           0  0.15s           2026-01-15T10:42:31
/home/airflow/.local/lib/python3.8/site-packages/airflow/example_dags/example_dynamic_task_mapping_with_no_taskflow_operators.py                           1           0  0.13s           2026-01-15T10:42:31
/home/airflow/.local/lib/python3.8/site-packages/airflow/example_dags/example_trigger_controller_dag.py                                                    1           0  0.12s           2026-01-15T10:42:31
/home/airflow/.local/lib/python3.8/site-packages/airflow/example_dags/example_local_kubernetes_executor.py                                                 1           0  0.13s           2026-01-15T10:42:31
/home/airflow/.local/lib/python3.8/site-packages/airflow/example_dags/example_python_operator.py                                                           1           0  0.15s           2026-01-15T10:42:33
/home/airflow/.local/lib/python3.8/site-packages/airflow/example_dags/example_bash_operator.py                                                             1           0  0.19s           2026-01-15T10:42:33
/home/airflow/.local/lib/python3.8/site-packages/airflow/example_dags/example_branch_python_dop_operator_3.py                                              1           0  0.14s           2026-01-15T10:42:33
/home/airflow/.local/lib/python3.8/site-packages/airflow/example_dags/example_sensors.py                                                                   1           0  0.12s           2026-01-15T10:42:33
/home/airflow/.local/lib/python3.8/site-packages/airflow/example_dags/example_complex.py                                                                   1           0  0.18s           2026-01-15T10:42:33
/home/airflow/.local/lib/python3.8/site-packages/airflow/example_dags/example_xcom.py                                                                      1           0  0.14s           2026-01-15T10:42:33
/home/airflow/.local/lib/python3.8/site-packages/airflow/example_dags/example_branch_day_of_week_operator.py                                               1           0  0.14s           2026-01-15T10:42:34
/home/airflow/.local/lib/python3.8/site-packages/airflow/example_dags/example_sla_dag.py                                                                   1           0  0.14s           2026-01-15T10:42:34
/home/airflow/.local/lib/python3.8/site-packages/airflow/example_dags/example_latest_only.py                                                               1           0  0.13s           2026-01-15T10:42:34
/home/airflow/.local/lib/python3.8/site-packages/airflow/example_dags/example_task_group_decorator.py                                                      1           0  0.15s           2026-01-15T10:42:34
/home/airflow/.local/lib/python3.8/site-packages/airflow/example_dags/example_params_ui_tutorial.py                                                        1           0  0.17s           2026-01-15T10:42:34
/home/airflow/.local/lib/python3.8/site-packages/airflow/example_dags/example_task_group.py                                                                1           0  0.13s           2026-01-15T10:42:34
/home/airflow/.local/lib/python3.8/site-packages/airflow/example_dags/example_dynamic_task_mapping.py                                                      1           0  0.13s           2026-01-15T10:42:35
/home/airflow/.local/lib/python3.8/site-packages/airflow/example_dags/example_trigger_target_dag.py                                                        1           0  0.11s           2026-01-15T10:42:35
/home/airflow/.local/lib/python3.8/site-packages/airflow/example_dags/tutorial_dag.py                                                                      1           0  0.12s           2026-01-15T10:42:35
/home/airflow/.local/lib/python3.8/site-packages/airflow/example_dags/example_external_task_marker_dag.py                                                  2           0  0.15s           2026-01-15T10:42:33
/home/airflow/.local/lib/python3.8/site-packages/airflow/example_dags/example_xcomargs.py                                                                  2           0  0.13s           2026-01-15T10:42:35
/home/airflow/.local/lib/python3.8/site-packages/airflow/example_dags/example_subdag_operator.py                                                           3           0  0.16s           2026-01-15T10:42:31
/home/airflow/.local/lib/python3.8/site-packages/airflow/example_dags/example_branch_datetime_operator.py                                                  3           0  0.15s           2026-01-15T10:42:35
/home/airflow/.local/lib/python3.8/site-packages/airflow/example_dags/example_datasets.py                                                                  6           0  0.19s           2026-01-15T10:42:33
================================================================================
[2026-01-15T10:43:28.529+0000] {manager.py:879} INFO - 
================================================================================
DAG File Processing Stats

File Path                                                                                                                         PID    Runtime      # DAGs    # Errors  Last Runtime    Last Run
--------------------------------------------------------------------------------------------------------------------------------  -----  ---------  --------  ----------  --------------  -------------------
/home/airflow/.local/lib/python3.8/site-packages/airflow/example_dags/plugins/listener_plugin.py                                                           0           0  0.06s           2026-01-15T10:43:06
/home/airflow/.local/lib/python3.8/site-packages/airflow/example_dags/plugins/event_listener.py                                                            0           0  0.07s           2026-01-15T10:43:06
/home/airflow/.local/lib/python3.8/site-packages/airflow/example_dags/plugins/workday.py                                                                   0           0  0.49s           2026-01-15T10:43:08
/home/airflow/.local/lib/python3.8/site-packages/airflow/example_dags/subdags/subdag.py                                                                    0           0  0.07s           2026-01-15T10:43:06
/home/airflow/.local/lib/python3.8/site-packages/airflow/example_dags/example_dag_decorator.py                                                             1           0  0.30s           2026-01-15T10:42:59
/home/airflow/.local/lib/python3.8/site-packages/airflow/example_dags/example_branch_labels.py                                                             1           0  0.14s           2026-01-15T10:42:59
/home/airflow/.local/lib/python3.8/site-packages/airflow/example_dags/example_python_decorator.py                                                          1           0  0.12s           2026-01-15T10:42:59
/home/airflow/.local/lib/python3.8/site-packages/airflow/example_dags/example_setup_teardown.py                                                            1           0  0.13s           2026-01-15T10:42:59
/home/airflow/.local/lib/python3.8/site-packages/airflow/example_dags/example_kubernetes_executor.py                                                       1           0  0.14s           2026-01-15T10:42:59
/home/airflow/.local/lib/python3.8/site-packages/airflow/example_dags/example_short_circuit_operator.py                                                    1           0  0.13s           2026-01-15T10:42:59
/home/airflow/.local/lib/python3.8/site-packages/airflow/example_dags/example_latest_only_with_trigger.py                                                  1           0  0.13s           2026-01-15T10:42:59
/home/airflow/.local/lib/python3.8/site-packages/airflow/example_dags/example_time_delta_sensor_async.py                                                   1           0  0.13s           2026-01-15T10:43:00
/home/airflow/.local/lib/python3.8/site-packages/airflow/example_dags/example_skip_dag.py                                                                  1           0  0.13s           2026-01-15T10:43:00
/home/airflow/.local/lib/python3.8/site-packages/airflow/example_dags/example_branch_operator.py                                                           1           0  0.18s           2026-01-15T10:43:00
/home/airflow/.local/lib/python3.8/site-packages/airflow/example_dags/example_sensor_decorator.py                                                          1           0  0.14s           2026-01-15T10:43:00
/home/airflow/.local/lib/python3.8/site-packages/airflow/example_dags/tutorial_objectstorage.py                                                            1           0  0.13s           2026-01-15T10:43:01
/home/airflow/.local/lib/python3.8/site-packages/airflow/example_dags/tutorial_taskflow_api_virtualenv.py                                                  1           0  0.15s           2026-01-15T10:43:01
/home/airflow/.local/lib/python3.8/site-packages/airflow/example_dags/example_nested_branch_dag.py                                                         1           0  0.16s           2026-01-15T10:43:01
/home/airflow/.local/lib/python3.8/site-packages/airflow/example_dags/example_short_circuit_decorator.py                                                   1           0  0.15s           2026-01-15T10:43:01
/home/airflow/.local/lib/python3.8/site-packages/airflow/example_dags/tutorial.py                                                                          1           0  0.16s           2026-01-15T10:43:01
/home/airflow/.local/lib/python3.8/site-packages/airflow/example_dags/example_passing_params_via_test_command.py                                           1           0  0.15s           2026-01-15T10:43:01
/home/airflow/.local/lib/python3.8/site-packages/airflow/example_dags/example_setup_teardown_taskflow.py                                                   1           0  0.15s           2026-01-15T10:43:01
/home/airflow/.local/lib/python3.8/site-packages/airflow/example_dags/example_branch_operator_decorator.py                                                 1           0  0.16s           2026-01-15T10:43:01
/home/airflow/.local/lib/python3.8/site-packages/airflow/example_dags/tutorial_taskflow_api.py                                                             1           0  0.11s           2026-01-15T10:43:01
/home/airflow/.local/lib/python3.8/site-packages/airflow/example_dags/example_params_trigger_ui.py                                                         1           0  0.15s           2026-01-15T10:43:01
/home/airflow/.local/lib/python3.8/site-packages/airflow/example_dags/example_dynamic_task_mapping_with_no_taskflow_operators.py                           1           0  0.13s           2026-01-15T10:43:01
/home/airflow/.local/lib/python3.8/site-packages/airflow/example_dags/example_trigger_controller_dag.py                                                    1           0  0.13s           2026-01-15T10:43:02
/home/airflow/.local/lib/python3.8/site-packages/airflow/example_dags/example_local_kubernetes_executor.py                                                 1           0  0.15s           2026-01-15T10:43:02
/home/airflow/.local/lib/python3.8/site-packages/airflow/example_dags/example_python_operator.py                                                           1           0  0.18s           2026-01-15T10:43:03
/home/airflow/.local/lib/python3.8/site-packages/airflow/example_dags/example_bash_operator.py                                                             1           0  0.16s           2026-01-15T10:43:03
/home/airflow/.local/lib/python3.8/site-packages/airflow/example_dags/example_branch_python_dop_operator_3.py                                              1           0  0.15s           2026-01-15T10:43:03
/home/airflow/.local/lib/python3.8/site-packages/airflow/example_dags/example_sensors.py                                                                   1           0  0.13s           2026-01-15T10:43:03
/home/airflow/.local/lib/python3.8/site-packages/airflow/example_dags/example_complex.py                                                                   1           0  0.14s           2026-01-15T10:43:04
/home/airflow/.local/lib/python3.8/site-packages/airflow/example_dags/example_xcom.py                                                                      1           0  0.16s           2026-01-15T10:43:04
/home/airflow/.local/lib/python3.8/site-packages/airflow/example_dags/example_branch_day_of_week_operator.py                                               1           0  0.16s           2026-01-15T10:43:04
/home/airflow/.local/lib/python3.8/site-packages/airflow/example_dags/example_sla_dag.py                                                                   1           0  0.14s           2026-01-15T10:43:04
/home/airflow/.local/lib/python3.8/site-packages/airflow/example_dags/example_latest_only.py                                                               1           0  0.14s           2026-01-15T10:43:04
/home/airflow/.local/lib/python3.8/site-packages/airflow/example_dags/example_task_group_decorator.py                                                      1           0  0.15s           2026-01-15T10:43:04
/home/airflow/.local/lib/python3.8/site-packages/airflow/example_dags/example_params_ui_tutorial.py                                                        1           0  0.16s           2026-01-15T10:43:04
/home/airflow/.local/lib/python3.8/site-packages/airflow/example_dags/example_task_group.py                                                                1           0  0.14s           2026-01-15T10:43:04
/home/airflow/.local/lib/python3.8/site-packages/airflow/example_dags/example_dynamic_task_mapping.py                                                      1           0  0.14s           2026-01-15T10:43:05
/home/airflow/.local/lib/python3.8/site-packages/airflow/example_dags/example_trigger_target_dag.py                                                        1           0  0.12s           2026-01-15T10:43:05
/home/airflow/.local/lib/python3.8/site-packages/airflow/example_dags/tutorial_dag.py                                                                      1           0  0.12s           2026-01-15T10:43:06
/home/airflow/.local/lib/python3.8/site-packages/airflow/example_dags/example_external_task_marker_dag.py                                                  2           0  0.15s           2026-01-15T10:43:03
/home/airflow/.local/lib/python3.8/site-packages/airflow/example_dags/example_xcomargs.py                                                                  2           0  0.15s           2026-01-15T10:43:06
/home/airflow/.local/lib/python3.8/site-packages/airflow/example_dags/example_subdag_operator.py                                                           3           0  0.16s           2026-01-15T10:43:02
/home/airflow/.local/lib/python3.8/site-packages/airflow/example_dags/example_branch_datetime_operator.py                                                  3           0  0.16s           2026-01-15T10:43:06
/home/airflow/.local/lib/python3.8/site-packages/airflow/example_dags/example_datasets.py                                                                  6           0  0.19s           2026-01-15T10:43:03
================================================================================
[2026-01-15T10:43:58.659+0000] {manager.py:879} INFO - 
================================================================================
DAG File Processing Stats

File Path                                                                                                                         PID    Runtime      # DAGs    # Errors  Last Runtime    Last Run
--------------------------------------------------------------------------------------------------------------------------------  -----  ---------  --------  ----------  --------------  -------------------
/home/airflow/.local/lib/python3.8/site-packages/airflow/example_dags/plugins/listener_plugin.py                                                           0           0  0.07s           2026-01-15T10:43:36
/home/airflow/.local/lib/python3.8/site-packages/airflow/example_dags/plugins/event_listener.py                                                            0           0  0.06s           2026-01-15T10:43:36
/home/airflow/.local/lib/python3.8/site-packages/airflow/example_dags/plugins/workday.py                                                                   0           0  0.52s           2026-01-15T10:43:40
/home/airflow/.local/lib/python3.8/site-packages/airflow/example_dags/subdags/subdag.py                                                                    0           0  0.06s           2026-01-15T10:43:36
/home/airflow/.local/lib/python3.8/site-packages/airflow/example_dags/example_dag_decorator.py                                                             1           0  0.31s           2026-01-15T10:43:30
/home/airflow/.local/lib/python3.8/site-packages/airflow/example_dags/example_branch_labels.py                                                             1           0  0.15s           2026-01-15T10:43:29
/home/airflow/.local/lib/python3.8/site-packages/airflow/example_dags/example_python_decorator.py                                                          1           0  0.13s           2026-01-15T10:43:29
/home/airflow/.local/lib/python3.8/site-packages/airflow/example_dags/example_setup_teardown.py                                                            1           0  0.13s           2026-01-15T10:43:29
/home/airflow/.local/lib/python3.8/site-packages/airflow/example_dags/example_kubernetes_executor.py                                                       1           0  0.14s           2026-01-15T10:43:29
/home/airflow/.local/lib/python3.8/site-packages/airflow/example_dags/example_short_circuit_operator.py                                                    1           0  0.13s           2026-01-15T10:43:30
/home/airflow/.local/lib/python3.8/site-packages/airflow/example_dags/example_latest_only_with_trigger.py                                                  1           0  0.13s           2026-01-15T10:43:30
/home/airflow/.local/lib/python3.8/site-packages/airflow/example_dags/example_time_delta_sensor_async.py                                                   1           0  0.12s           2026-01-15T10:43:31
/home/airflow/.local/lib/python3.8/site-packages/airflow/example_dags/example_skip_dag.py                                                                  1           0  0.13s           2026-01-15T10:43:31
/home/airflow/.local/lib/python3.8/site-packages/airflow/example_dags/example_branch_operator.py                                                           1           0  0.16s           2026-01-15T10:43:31
/home/airflow/.local/lib/python3.8/site-packages/airflow/example_dags/example_sensor_decorator.py                                                          1           0  0.13s           2026-01-15T10:43:31
/home/airflow/.local/lib/python3.8/site-packages/airflow/example_dags/tutorial_objectstorage.py                                                            1           0  0.12s           2026-01-15T10:43:31
/home/airflow/.local/lib/python3.8/site-packages/airflow/example_dags/tutorial_taskflow_api_virtualenv.py                                                  1           0  0.13s           2026-01-15T10:43:31
/home/airflow/.local/lib/python3.8/site-packages/airflow/example_dags/example_nested_branch_dag.py                                                         1           0  0.14s           2026-01-15T10:43:31
/home/airflow/.local/lib/python3.8/site-packages/airflow/example_dags/example_short_circuit_decorator.py                                                   1           0  0.13s           2026-01-15T10:43:31
/home/airflow/.local/lib/python3.8/site-packages/airflow/example_dags/tutorial.py                                                                          1           0  0.13s           2026-01-15T10:43:31
/home/airflow/.local/lib/python3.8/site-packages/airflow/example_dags/example_passing_params_via_test_command.py                                           1           0  0.14s           2026-01-15T10:43:32
/home/airflow/.local/lib/python3.8/site-packages/airflow/example_dags/example_setup_teardown_taskflow.py                                                   1           0  0.13s           2026-01-15T10:43:32
/home/airflow/.local/lib/python3.8/site-packages/airflow/example_dags/example_branch_operator_decorator.py                                                 1           0  0.15s           2026-01-15T10:43:32
/home/airflow/.local/lib/python3.8/site-packages/airflow/example_dags/tutorial_taskflow_api.py                                                             1           0  0.12s           2026-01-15T10:43:32
/home/airflow/.local/lib/python3.8/site-packages/airflow/example_dags/example_params_trigger_ui.py                                                         1           0  0.15s           2026-01-15T10:43:32
/home/airflow/.local/lib/python3.8/site-packages/airflow/example_dags/example_dynamic_task_mapping_with_no_taskflow_operators.py                           1           0  0.12s           2026-01-15T10:43:32
/home/airflow/.local/lib/python3.8/site-packages/airflow/example_dags/example_trigger_controller_dag.py                                                    1           0  0.13s           2026-01-15T10:43:32
/home/airflow/.local/lib/python3.8/site-packages/airflow/example_dags/example_local_kubernetes_executor.py                                                 1           0  0.13s           2026-01-15T10:43:32
/home/airflow/.local/lib/python3.8/site-packages/airflow/example_dags/example_python_operator.py                                                           1           0  0.16s           2026-01-15T10:43:33
/home/airflow/.local/lib/python3.8/site-packages/airflow/example_dags/example_bash_operator.py                                                             1           0  0.15s           2026-01-15T10:43:34
/home/airflow/.local/lib/python3.8/site-packages/airflow/example_dags/example_branch_python_dop_operator_3.py                                              1           0  0.13s           2026-01-15T10:43:34
/home/airflow/.local/lib/python3.8/site-packages/airflow/example_dags/example_sensors.py                                                                   1           0  0.12s           2026-01-15T10:43:34
/home/airflow/.local/lib/python3.8/site-packages/airflow/example_dags/example_complex.py                                                                   1           0  0.13s           2026-01-15T10:43:34
/home/airflow/.local/lib/python3.8/site-packages/airflow/example_dags/example_xcom.py                                                                      1           0  0.14s           2026-01-15T10:43:34
/home/airflow/.local/lib/python3.8/site-packages/airflow/example_dags/example_branch_day_of_week_operator.py                                               1           0  0.13s           2026-01-15T10:43:34
/home/airflow/.local/lib/python3.8/site-packages/airflow/example_dags/example_sla_dag.py                                                                   1           0  0.13s           2026-01-15T10:43:34
/home/airflow/.local/lib/python3.8/site-packages/airflow/example_dags/example_latest_only.py                                                               1           0  0.13s           2026-01-15T10:43:34
/home/airflow/.local/lib/python3.8/site-packages/airflow/example_dags/example_task_group_decorator.py                                                      1           0  0.14s           2026-01-15T10:43:34
/home/airflow/.local/lib/python3.8/site-packages/airflow/example_dags/example_params_ui_tutorial.py                                                        1           0  0.15s           2026-01-15T10:43:35
/home/airflow/.local/lib/python3.8/site-packages/airflow/example_dags/example_task_group.py                                                                1           0  0.13s           2026-01-15T10:43:35
/home/airflow/.local/lib/python3.8/site-packages/airflow/example_dags/example_dynamic_task_mapping.py                                                      1           0  0.13s           2026-01-15T10:43:36
/home/airflow/.local/lib/python3.8/site-packages/airflow/example_dags/example_trigger_target_dag.py                                                        1           0  0.11s           2026-01-15T10:43:36
/home/airflow/.local/lib/python3.8/site-packages/airflow/example_dags/tutorial_dag.py                                                                      1           0  0.12s           2026-01-15T10:43:36
/home/airflow/.local/lib/python3.8/site-packages/airflow/example_dags/example_external_task_marker_dag.py                                                  2           0  0.18s           2026-01-15T10:43:33
/home/airflow/.local/lib/python3.8/site-packages/airflow/example_dags/example_xcomargs.py                                                                  2           0  0.13s           2026-01-15T10:43:36
/home/airflow/.local/lib/python3.8/site-packages/airflow/example_dags/example_subdag_operator.py                                                           3           0  0.16s           2026-01-15T10:43:32
/home/airflow/.local/lib/python3.8/site-packages/airflow/example_dags/example_branch_datetime_operator.py                                                  3           0  0.15s           2026-01-15T10:43:36
/home/airflow/.local/lib/python3.8/site-packages/airflow/example_dags/example_datasets.py                                                                  6           0  0.18s           2026-01-15T10:43:34
================================================================================
[2026-01-15T10:44:29.266+0000] {manager.py:879} INFO - 
================================================================================
DAG File Processing Stats

File Path                                                                                                                         PID    Runtime      # DAGs    # Errors  Last Runtime    Last Run
--------------------------------------------------------------------------------------------------------------------------------  -----  ---------  --------  ----------  --------------  -------------------
/home/airflow/.local/lib/python3.8/site-packages/airflow/example_dags/plugins/listener_plugin.py                                                           0           0  0.09s           2026-01-15T10:44:07
/home/airflow/.local/lib/python3.8/site-packages/airflow/example_dags/plugins/event_listener.py                                                            0           0  0.08s           2026-01-15T10:44:07
/home/airflow/.local/lib/python3.8/site-packages/airflow/example_dags/plugins/workday.py                                                                   0           0  0.68s           2026-01-15T10:44:11
/home/airflow/.local/lib/python3.8/site-packages/airflow/example_dags/subdags/subdag.py                                                                    0           0  0.08s           2026-01-15T10:44:07
/home/airflow/.local/lib/python3.8/site-packages/airflow/example_dags/example_dag_decorator.py                                                             1           0  0.32s           2026-01-15T10:44:00
/home/airflow/.local/lib/python3.8/site-packages/airflow/example_dags/example_branch_labels.py                                                             1           0  0.16s           2026-01-15T10:44:00
/home/airflow/.local/lib/python3.8/site-packages/airflow/example_dags/example_python_decorator.py                                                          1           0  0.13s           2026-01-15T10:44:00
/home/airflow/.local/lib/python3.8/site-packages/airflow/example_dags/example_setup_teardown.py                                                            1           0  0.17s           2026-01-15T10:44:00
/home/airflow/.local/lib/python3.8/site-packages/airflow/example_dags/example_kubernetes_executor.py                                                       1           0  0.18s           2026-01-15T10:44:00
/home/airflow/.local/lib/python3.8/site-packages/airflow/example_dags/example_short_circuit_operator.py                                                    1           0  0.15s           2026-01-15T10:44:00
/home/airflow/.local/lib/python3.8/site-packages/airflow/example_dags/example_latest_only_with_trigger.py                                                  1           0  0.14s           2026-01-15T10:44:00
/home/airflow/.local/lib/python3.8/site-packages/airflow/example_dags/example_time_delta_sensor_async.py                                                   1           0  0.13s           2026-01-15T10:44:01
/home/airflow/.local/lib/python3.8/site-packages/airflow/example_dags/example_skip_dag.py                                                                  1           0  0.13s           2026-01-15T10:44:01
/home/airflow/.local/lib/python3.8/site-packages/airflow/example_dags/example_branch_operator.py                                                           1           0  0.16s           2026-01-15T10:44:02
/home/airflow/.local/lib/python3.8/site-packages/airflow/example_dags/example_sensor_decorator.py                                                          1           0  0.12s           2026-01-15T10:44:02
/home/airflow/.local/lib/python3.8/site-packages/airflow/example_dags/tutorial_objectstorage.py                                                            1           0  0.18s           2026-01-15T10:44:02
/home/airflow/.local/lib/python3.8/site-packages/airflow/example_dags/tutorial_taskflow_api_virtualenv.py                                                  1           0  0.20s           2026-01-15T10:44:02
/home/airflow/.local/lib/python3.8/site-packages/airflow/example_dags/example_nested_branch_dag.py                                                         1           0  0.15s           2026-01-15T10:44:02
/home/airflow/.local/lib/python3.8/site-packages/airflow/example_dags/example_short_circuit_decorator.py                                                   1           0  0.15s           2026-01-15T10:44:02
/home/airflow/.local/lib/python3.8/site-packages/airflow/example_dags/tutorial.py                                                                          1           0  0.13s           2026-01-15T10:44:02
/home/airflow/.local/lib/python3.8/site-packages/airflow/example_dags/example_passing_params_via_test_command.py                                           1           0  0.15s           2026-01-15T10:44:02
/home/airflow/.local/lib/python3.8/site-packages/airflow/example_dags/example_setup_teardown_taskflow.py                                                   1           0  0.15s           2026-01-15T10:44:02
/home/airflow/.local/lib/python3.8/site-packages/airflow/example_dags/example_branch_operator_decorator.py                                                 1           0  0.19s           2026-01-15T10:44:02
/home/airflow/.local/lib/python3.8/site-packages/airflow/example_dags/tutorial_taskflow_api.py                                                             1           0  0.18s           2026-01-15T10:44:02
/home/airflow/.local/lib/python3.8/site-packages/airflow/example_dags/example_params_trigger_ui.py                                                         1           0  0.20s           2026-01-15T10:44:03
/home/airflow/.local/lib/python3.8/site-packages/airflow/example_dags/example_dynamic_task_mapping_with_no_taskflow_operators.py                           1           0  0.15s           2026-01-15T10:44:03
/home/airflow/.local/lib/python3.8/site-packages/airflow/example_dags/example_trigger_controller_dag.py                                                    1           0  0.18s           2026-01-15T10:44:03
/home/airflow/.local/lib/python3.8/site-packages/airflow/example_dags/example_local_kubernetes_executor.py                                                 1           0  0.14s           2026-01-15T10:44:03
/home/airflow/.local/lib/python3.8/site-packages/airflow/example_dags/example_python_operator.py                                                           1           0  0.17s           2026-01-15T10:44:04
/home/airflow/.local/lib/python3.8/site-packages/airflow/example_dags/example_bash_operator.py                                                             1           0  0.17s           2026-01-15T10:44:04
/home/airflow/.local/lib/python3.8/site-packages/airflow/example_dags/example_branch_python_dop_operator_3.py                                              1           0  0.15s           2026-01-15T10:44:04
/home/airflow/.local/lib/python3.8/site-packages/airflow/example_dags/example_sensors.py                                                                   1           0  0.15s           2026-01-15T10:44:05
/home/airflow/.local/lib/python3.8/site-packages/airflow/example_dags/example_complex.py                                                                   1           0  0.15s           2026-01-15T10:44:05
/home/airflow/.local/lib/python3.8/site-packages/airflow/example_dags/example_xcom.py                                                                      1           0  0.15s           2026-01-15T10:44:05
/home/airflow/.local/lib/python3.8/site-packages/airflow/example_dags/example_branch_day_of_week_operator.py                                               1           0  0.14s           2026-01-15T10:44:05
/home/airflow/.local/lib/python3.8/site-packages/airflow/example_dags/example_sla_dag.py                                                                   1           0  0.16s           2026-01-15T10:44:05
/home/airflow/.local/lib/python3.8/site-packages/airflow/example_dags/example_latest_only.py                                                               1           0  0.14s           2026-01-15T10:44:05
/home/airflow/.local/lib/python3.8/site-packages/airflow/example_dags/example_task_group_decorator.py                                                      1           0  0.18s           2026-01-15T10:44:05
/home/airflow/.local/lib/python3.8/site-packages/airflow/example_dags/example_params_ui_tutorial.py                                                        1           0  0.18s           2026-01-15T10:44:05
/home/airflow/.local/lib/python3.8/site-packages/airflow/example_dags/example_task_group.py                                                                1           0  0.14s           2026-01-15T10:44:05
/home/airflow/.local/lib/python3.8/site-packages/airflow/example_dags/example_dynamic_task_mapping.py                                                      1           0  0.17s           2026-01-15T10:44:07
/home/airflow/.local/lib/python3.8/site-packages/airflow/example_dags/example_trigger_target_dag.py                                                        1           0  0.15s           2026-01-15T10:44:07
/home/airflow/.local/lib/python3.8/site-packages/airflow/example_dags/tutorial_dag.py                                                                      1           0  0.13s           2026-01-15T10:44:07
/home/airflow/.local/lib/python3.8/site-packages/airflow/example_dags/example_external_task_marker_dag.py                                                  2           0  0.17s           2026-01-15T10:44:04
/home/airflow/.local/lib/python3.8/site-packages/airflow/example_dags/example_xcomargs.py                                                                  2           0  0.14s           2026-01-15T10:44:07
/home/airflow/.local/lib/python3.8/site-packages/airflow/example_dags/example_subdag_operator.py                                                           3           0  0.20s           2026-01-15T10:44:03
/home/airflow/.local/lib/python3.8/site-packages/airflow/example_dags/example_branch_datetime_operator.py                                                  3           0  0.18s           2026-01-15T10:44:07
/home/airflow/.local/lib/python3.8/site-packages/airflow/example_dags/example_datasets.py                                                                  6           0  0.21s           2026-01-15T10:44:04
================================================================================
[2026-01-15T10:44:59.398+0000] {manager.py:879} INFO - 
================================================================================
DAG File Processing Stats

File Path                                                                                                                         PID    Runtime      # DAGs    # Errors  Last Runtime    Last Run
--------------------------------------------------------------------------------------------------------------------------------  -----  ---------  --------  ----------  --------------  -------------------
/home/airflow/.local/lib/python3.8/site-packages/airflow/example_dags/plugins/listener_plugin.py                                                           0           0  0.07s           2026-01-15T10:44:37
/home/airflow/.local/lib/python3.8/site-packages/airflow/example_dags/plugins/event_listener.py                                                            0           0  0.06s           2026-01-15T10:44:37
/home/airflow/.local/lib/python3.8/site-packages/airflow/example_dags/plugins/workday.py                                                                   0           0  0.54s           2026-01-15T10:44:42
/home/airflow/.local/lib/python3.8/site-packages/airflow/example_dags/subdags/subdag.py                                                                    0           0  0.07s           2026-01-15T10:44:37
/home/airflow/.local/lib/python3.8/site-packages/airflow/example_dags/example_dag_decorator.py                                                             1           0  0.29s           2026-01-15T10:44:31
/home/airflow/.local/lib/python3.8/site-packages/airflow/example_dags/example_branch_labels.py                                                             1           0  0.14s           2026-01-15T10:44:30
/home/airflow/.local/lib/python3.8/site-packages/airflow/example_dags/example_python_decorator.py                                                          1           0  0.12s           2026-01-15T10:44:30
/home/airflow/.local/lib/python3.8/site-packages/airflow/example_dags/example_setup_teardown.py                                                            1           0  0.13s           2026-01-15T10:44:30
/home/airflow/.local/lib/python3.8/site-packages/airflow/example_dags/example_kubernetes_executor.py                                                       1           0  0.15s           2026-01-15T10:44:31
/home/airflow/.local/lib/python3.8/site-packages/airflow/example_dags/example_short_circuit_operator.py                                                    1           0  0.13s           2026-01-15T10:44:31
/home/airflow/.local/lib/python3.8/site-packages/airflow/example_dags/example_latest_only_with_trigger.py                                                  1           0  0.13s           2026-01-15T10:44:31
/home/airflow/.local/lib/python3.8/site-packages/airflow/example_dags/example_time_delta_sensor_async.py                                                   1           0  0.12s           2026-01-15T10:44:32
/home/airflow/.local/lib/python3.8/site-packages/airflow/example_dags/example_skip_dag.py                                                                  1           0  0.12s           2026-01-15T10:44:32
/home/airflow/.local/lib/python3.8/site-packages/airflow/example_dags/example_branch_operator.py                                                           1           0  0.15s           2026-01-15T10:44:32
/home/airflow/.local/lib/python3.8/site-packages/airflow/example_dags/example_sensor_decorator.py                                                          1           0  0.12s           2026-01-15T10:44:32
/home/airflow/.local/lib/python3.8/site-packages/airflow/example_dags/tutorial_objectstorage.py                                                            1           0  0.12s           2026-01-15T10:44:32
/home/airflow/.local/lib/python3.8/site-packages/airflow/example_dags/tutorial_taskflow_api_virtualenv.py                                                  1           0  0.12s           2026-01-15T10:44:32
/home/airflow/.local/lib/python3.8/site-packages/airflow/example_dags/example_nested_branch_dag.py                                                         1           0  0.16s           2026-01-15T10:44:32
/home/airflow/.local/lib/python3.8/site-packages/airflow/example_dags/example_short_circuit_decorator.py                                                   1           0  0.16s           2026-01-15T10:44:33
/home/airflow/.local/lib/python3.8/site-packages/airflow/example_dags/tutorial.py                                                                          1           0  0.14s           2026-01-15T10:44:33
/home/airflow/.local/lib/python3.8/site-packages/airflow/example_dags/example_passing_params_via_test_command.py                                           1           0  0.14s           2026-01-15T10:44:33
/home/airflow/.local/lib/python3.8/site-packages/airflow/example_dags/example_setup_teardown_taskflow.py                                                   1           0  0.14s           2026-01-15T10:44:33
/home/airflow/.local/lib/python3.8/site-packages/airflow/example_dags/example_branch_operator_decorator.py                                                 1           0  0.16s           2026-01-15T10:44:33
/home/airflow/.local/lib/python3.8/site-packages/airflow/example_dags/tutorial_taskflow_api.py                                                             1           0  0.11s           2026-01-15T10:44:33
/home/airflow/.local/lib/python3.8/site-packages/airflow/example_dags/example_params_trigger_ui.py                                                         1           0  0.14s           2026-01-15T10:44:33
/home/airflow/.local/lib/python3.8/site-packages/airflow/example_dags/example_dynamic_task_mapping_with_no_taskflow_operators.py                           1           0  0.13s           2026-01-15T10:44:33
/home/airflow/.local/lib/python3.8/site-packages/airflow/example_dags/example_trigger_controller_dag.py                                                    1           0  0.15s           2026-01-15T10:44:33
/home/airflow/.local/lib/python3.8/site-packages/airflow/example_dags/example_local_kubernetes_executor.py                                                 1           0  0.14s           2026-01-15T10:44:33
/home/airflow/.local/lib/python3.8/site-packages/airflow/example_dags/example_python_operator.py                                                           1           0  0.16s           2026-01-15T10:44:35
/home/airflow/.local/lib/python3.8/site-packages/airflow/example_dags/example_bash_operator.py                                                             1           0  0.16s           2026-01-15T10:44:35
/home/airflow/.local/lib/python3.8/site-packages/airflow/example_dags/example_branch_python_dop_operator_3.py                                              1           0  0.13s           2026-01-15T10:44:35
/home/airflow/.local/lib/python3.8/site-packages/airflow/example_dags/example_sensors.py                                                                   1           0  0.14s           2026-01-15T10:44:35
/home/airflow/.local/lib/python3.8/site-packages/airflow/example_dags/example_complex.py                                                                   1           0  0.14s           2026-01-15T10:44:35
/home/airflow/.local/lib/python3.8/site-packages/airflow/example_dags/example_xcom.py                                                                      1           0  0.15s           2026-01-15T10:44:35
/home/airflow/.local/lib/python3.8/site-packages/airflow/example_dags/example_branch_day_of_week_operator.py                                               1           0  0.14s           2026-01-15T10:44:35
/home/airflow/.local/lib/python3.8/site-packages/airflow/example_dags/example_sla_dag.py                                                                   1           0  0.15s           2026-01-15T10:44:35
/home/airflow/.local/lib/python3.8/site-packages/airflow/example_dags/example_latest_only.py                                                               1           0  0.13s           2026-01-15T10:44:35
/home/airflow/.local/lib/python3.8/site-packages/airflow/example_dags/example_task_group_decorator.py                                                      1           0  0.15s           2026-01-15T10:44:36
/home/airflow/.local/lib/python3.8/site-packages/airflow/example_dags/example_params_ui_tutorial.py                                                        1           0  0.16s           2026-01-15T10:44:36
/home/airflow/.local/lib/python3.8/site-packages/airflow/example_dags/example_task_group.py                                                                1           0  0.12s           2026-01-15T10:44:36
/home/airflow/.local/lib/python3.8/site-packages/airflow/example_dags/example_dynamic_task_mapping.py                                                      1           0  0.13s           2026-01-15T10:44:37
/home/airflow/.local/lib/python3.8/site-packages/airflow/example_dags/example_trigger_target_dag.py                                                        1           0  0.11s           2026-01-15T10:44:37
/home/airflow/.local/lib/python3.8/site-packages/airflow/example_dags/tutorial_dag.py                                                                      1           0  0.12s           2026-01-15T10:44:37
/home/airflow/.local/lib/python3.8/site-packages/airflow/example_dags/example_external_task_marker_dag.py                                                  2           0  0.18s           2026-01-15T10:44:35
/home/airflow/.local/lib/python3.8/site-packages/airflow/example_dags/example_xcomargs.py                                                                  2           0  0.13s           2026-01-15T10:44:37
/home/airflow/.local/lib/python3.8/site-packages/airflow/example_dags/example_subdag_operator.py                                                           3           0  0.18s           2026-01-15T10:44:33
/home/airflow/.local/lib/python3.8/site-packages/airflow/example_dags/example_branch_datetime_operator.py                                                  3           0  0.15s           2026-01-15T10:44:37
/home/airflow/.local/lib/python3.8/site-packages/airflow/example_dags/example_datasets.py                                                                  6           0  0.21s           2026-01-15T10:44:35
================================================================================
[2026-01-15T10:45:14.769+0000] {manager.py:451} INFO - Exiting gracefully upon receiving signal 15
[2026-01-15T10:46:18.490+0000] {manager.py:469} INFO - Processing files using up to 2 processes at a time 
[2026-01-15T10:46:18.491+0000] {manager.py:470} INFO - Process each file at most once every 30 seconds
[2026-01-15T10:46:18.492+0000] {manager.py:471} INFO - Checking for new files in /opt/airflow/dags every 300 seconds
[2026-01-15T10:46:18.492+0000] {manager.py:738} INFO - Searching for files in /opt/airflow/dags
[2026-01-15T10:46:18.524+0000] {manager.py:741} INFO - There are 48 files in /opt/airflow/dags
[2026-01-15T10:46:18.671+0000] {manager.py:879} INFO - 
================================================================================
DAG File Processing Stats

File Path                                                                                                                           PID  Runtime      # DAGs    # Errors  Last Runtime    Last Run
--------------------------------------------------------------------------------------------------------------------------------  -----  ---------  --------  ----------  --------------  ----------
/home/airflow/.local/lib/python3.8/site-packages/airflow/example_dags/example_dag_decorator.py                                       47  0.06s             0           0
/home/airflow/.local/lib/python3.8/site-packages/airflow/example_dags/example_branch_labels.py                                       48  0.05s             0           0
/home/airflow/.local/lib/python3.8/site-packages/airflow/example_dags/example_python_decorator.py                                                          0           0
/home/airflow/.local/lib/python3.8/site-packages/airflow/example_dags/example_setup_teardown.py                                                            0           0
/home/airflow/.local/lib/python3.8/site-packages/airflow/example_dags/example_kubernetes_executor.py                                                       0           0
/home/airflow/.local/lib/python3.8/site-packages/airflow/example_dags/example_short_circuit_operator.py                                                    0           0
/home/airflow/.local/lib/python3.8/site-packages/airflow/example_dags/example_latest_only_with_trigger.py                                                  0           0
/home/airflow/.local/lib/python3.8/site-packages/airflow/example_dags/example_time_delta_sensor_async.py                                                   0           0
/home/airflow/.local/lib/python3.8/site-packages/airflow/example_dags/example_skip_dag.py                                                                  0           0
/home/airflow/.local/lib/python3.8/site-packages/airflow/example_dags/example_branch_operator.py                                                           0           0
/home/airflow/.local/lib/python3.8/site-packages/airflow/example_dags/example_sensor_decorator.py                                                          0           0
/home/airflow/.local/lib/python3.8/site-packages/airflow/example_dags/tutorial_objectstorage.py                                                            0           0
/home/airflow/.local/lib/python3.8/site-packages/airflow/example_dags/tutorial_taskflow_api_virtualenv.py                                                  0           0
/home/airflow/.local/lib/python3.8/site-packages/airflow/example_dags/example_nested_branch_dag.py                                                         0           0
/home/airflow/.local/lib/python3.8/site-packages/airflow/example_dags/example_short_circuit_decorator.py                                                   0           0
/home/airflow/.local/lib/python3.8/site-packages/airflow/example_dags/tutorial.py                                                                          0           0
/home/airflow/.local/lib/python3.8/site-packages/airflow/example_dags/example_passing_params_via_test_command.py                                           0           0
/home/airflow/.local/lib/python3.8/site-packages/airflow/example_dags/example_setup_teardown_taskflow.py                                                   0           0
/home/airflow/.local/lib/python3.8/site-packages/airflow/example_dags/example_branch_operator_decorator.py                                                 0           0
/home/airflow/.local/lib/python3.8/site-packages/airflow/example_dags/tutorial_taskflow_api.py                                                             0           0
/home/airflow/.local/lib/python3.8/site-packages/airflow/example_dags/example_params_trigger_ui.py                                                         0           0
/home/airflow/.local/lib/python3.8/site-packages/airflow/example_dags/example_dynamic_task_mapping_with_no_taskflow_operators.py                           0           0
/home/airflow/.local/lib/python3.8/site-packages/airflow/example_dags/example_trigger_controller_dag.py                                                    0           0
/home/airflow/.local/lib/python3.8/site-packages/airflow/example_dags/example_subdag_operator.py                                                           0           0
/home/airflow/.local/lib/python3.8/site-packages/airflow/example_dags/example_local_kubernetes_executor.py                                                 0           0
/home/airflow/.local/lib/python3.8/site-packages/airflow/example_dags/example_external_task_marker_dag.py                                                  0           0
/home/airflow/.local/lib/python3.8/site-packages/airflow/example_dags/example_python_operator.py                                                           0           0
/home/airflow/.local/lib/python3.8/site-packages/airflow/example_dags/example_datasets.py                                                                  0           0
/home/airflow/.local/lib/python3.8/site-packages/airflow/example_dags/example_bash_operator.py                                                             0           0
/home/airflow/.local/lib/python3.8/site-packages/airflow/example_dags/example_branch_python_dop_operator_3.py                                              0           0
/home/airflow/.local/lib/python3.8/site-packages/airflow/example_dags/example_sensors.py                                                                   0           0
/home/airflow/.local/lib/python3.8/site-packages/airflow/example_dags/example_complex.py                                                                   0           0
/home/airflow/.local/lib/python3.8/site-packages/airflow/example_dags/example_xcom.py                                                                      0           0
/home/airflow/.local/lib/python3.8/site-packages/airflow/example_dags/example_branch_day_of_week_operator.py                                               0           0
/home/airflow/.local/lib/python3.8/site-packages/airflow/example_dags/example_sla_dag.py                                                                   0           0
/home/airflow/.local/lib/python3.8/site-packages/airflow/example_dags/example_latest_only.py                                                               0           0
/home/airflow/.local/lib/python3.8/site-packages/airflow/example_dags/example_task_group_decorator.py                                                      0           0
/home/airflow/.local/lib/python3.8/site-packages/airflow/example_dags/example_params_ui_tutorial.py                                                        0           0
/home/airflow/.local/lib/python3.8/site-packages/airflow/example_dags/example_task_group.py                                                                0           0
/home/airflow/.local/lib/python3.8/site-packages/airflow/example_dags/example_dynamic_task_mapping.py                                                      0           0
/home/airflow/.local/lib/python3.8/site-packages/airflow/example_dags/example_trigger_target_dag.py                                                        0           0
/home/airflow/.local/lib/python3.8/site-packages/airflow/example_dags/example_xcomargs.py                                                                  0           0
/home/airflow/.local/lib/python3.8/site-packages/airflow/example_dags/tutorial_dag.py                                                                      0           0
/home/airflow/.local/lib/python3.8/site-packages/airflow/example_dags/example_branch_datetime_operator.py                                                  0           0
/home/airflow/.local/lib/python3.8/site-packages/airflow/example_dags/plugins/listener_plugin.py                                                           0           0
/home/airflow/.local/lib/python3.8/site-packages/airflow/example_dags/plugins/event_listener.py                                                            0           0
/home/airflow/.local/lib/python3.8/site-packages/airflow/example_dags/plugins/workday.py                                                                   0           0
/home/airflow/.local/lib/python3.8/site-packages/airflow/example_dags/subdags/subdag.py                                                                    0           0
================================================================================
[2026-01-15T10:46:48.874+0000] {manager.py:879} INFO - 
================================================================================
DAG File Processing Stats

File Path                                                                                                                           PID  Runtime      # DAGs    # Errors  Last Runtime    Last Run
--------------------------------------------------------------------------------------------------------------------------------  -----  ---------  --------  ----------  --------------  -------------------
/home/airflow/.local/lib/python3.8/site-packages/airflow/example_dags/plugins/listener_plugin.py                                                           0           0  0.08s           2026-01-15T10:46:23
/home/airflow/.local/lib/python3.8/site-packages/airflow/example_dags/plugins/event_listener.py                                                            0           0  0.07s           2026-01-15T10:46:23
/home/airflow/.local/lib/python3.8/site-packages/airflow/example_dags/plugins/workday.py                                                                   0           0  1.45s           2026-01-15T10:46:24
/home/airflow/.local/lib/python3.8/site-packages/airflow/example_dags/subdags/subdag.py                                                                    0           0  0.08s           2026-01-15T10:46:23
/home/airflow/.local/lib/python3.8/site-packages/airflow/example_dags/example_dag_decorator.py                                                             1           0  0.39s           2026-01-15T10:46:18
/home/airflow/.local/lib/python3.8/site-packages/airflow/example_dags/example_branch_labels.py                                      102  0.01s             1           0  0.18s           2026-01-15T10:46:18
/home/airflow/.local/lib/python3.8/site-packages/airflow/example_dags/example_python_decorator.py                                                          1           0  0.16s           2026-01-15T10:46:18
/home/airflow/.local/lib/python3.8/site-packages/airflow/example_dags/example_setup_teardown.py                                                            1           0  0.15s           2026-01-15T10:46:19
/home/airflow/.local/lib/python3.8/site-packages/airflow/example_dags/example_kubernetes_executor.py                                                       1           0  0.15s           2026-01-15T10:46:19
/home/airflow/.local/lib/python3.8/site-packages/airflow/example_dags/example_short_circuit_operator.py                                                    1           0  0.19s           2026-01-15T10:46:19
/home/airflow/.local/lib/python3.8/site-packages/airflow/example_dags/example_latest_only_with_trigger.py                                                  1           0  0.17s           2026-01-15T10:46:19
/home/airflow/.local/lib/python3.8/site-packages/airflow/example_dags/example_time_delta_sensor_async.py                                                   1           0  0.14s           2026-01-15T10:46:19
/home/airflow/.local/lib/python3.8/site-packages/airflow/example_dags/example_skip_dag.py                                                                  1           0  0.17s           2026-01-15T10:46:19
/home/airflow/.local/lib/python3.8/site-packages/airflow/example_dags/example_branch_operator.py                                                           1           0  0.40s           2026-01-15T10:46:19
/home/airflow/.local/lib/python3.8/site-packages/airflow/example_dags/example_sensor_decorator.py                                                          1           0  0.18s           2026-01-15T10:46:19
/home/airflow/.local/lib/python3.8/site-packages/airflow/example_dags/tutorial_objectstorage.py                                                            1           0  0.20s           2026-01-15T10:46:20
/home/airflow/.local/lib/python3.8/site-packages/airflow/example_dags/tutorial_taskflow_api_virtualenv.py                                                  1           0  0.17s           2026-01-15T10:46:20
/home/airflow/.local/lib/python3.8/site-packages/airflow/example_dags/example_nested_branch_dag.py                                                         1           0  0.18s           2026-01-15T10:46:20
/home/airflow/.local/lib/python3.8/site-packages/airflow/example_dags/example_short_circuit_decorator.py                                                   1           0  0.15s           2026-01-15T10:46:20
/home/airflow/.local/lib/python3.8/site-packages/airflow/example_dags/tutorial.py                                                                          1           0  0.16s           2026-01-15T10:46:20
/home/airflow/.local/lib/python3.8/site-packages/airflow/example_dags/example_passing_params_via_test_command.py                                           1           0  0.18s           2026-01-15T10:46:20
/home/airflow/.local/lib/python3.8/site-packages/airflow/example_dags/example_setup_teardown_taskflow.py                                                   1           0  0.18s           2026-01-15T10:46:20
/home/airflow/.local/lib/python3.8/site-packages/airflow/example_dags/example_branch_operator_decorator.py                                                 1           0  0.21s           2026-01-15T10:46:20
/home/airflow/.local/lib/python3.8/site-packages/airflow/example_dags/tutorial_taskflow_api.py                                                             1           0  0.22s           2026-01-15T10:46:20
/home/airflow/.local/lib/python3.8/site-packages/airflow/example_dags/example_params_trigger_ui.py                                                         1           0  0.19s           2026-01-15T10:46:20
/home/airflow/.local/lib/python3.8/site-packages/airflow/example_dags/example_dynamic_task_mapping_with_no_taskflow_operators.py                           1           0  0.18s           2026-01-15T10:46:21
/home/airflow/.local/lib/python3.8/site-packages/airflow/example_dags/example_trigger_controller_dag.py                                                    1           0  0.15s           2026-01-15T10:46:21
/home/airflow/.local/lib/python3.8/site-packages/airflow/example_dags/example_local_kubernetes_executor.py                                                 1           0  0.15s           2026-01-15T10:46:21
/home/airflow/.local/lib/python3.8/site-packages/airflow/example_dags/example_python_operator.py                                                           1           0  0.15s           2026-01-15T10:46:21
/home/airflow/.local/lib/python3.8/site-packages/airflow/example_dags/example_bash_operator.py                                                             1           0  0.19s           2026-01-15T10:46:21
/home/airflow/.local/lib/python3.8/site-packages/airflow/example_dags/example_branch_python_dop_operator_3.py                                              1           0  0.19s           2026-01-15T10:46:21
/home/airflow/.local/lib/python3.8/site-packages/airflow/example_dags/example_sensors.py                                                                   1           0  0.16s           2026-01-15T10:46:21
/home/airflow/.local/lib/python3.8/site-packages/airflow/example_dags/example_complex.py                                                                   1           0  0.15s           2026-01-15T10:46:22
/home/airflow/.local/lib/python3.8/site-packages/airflow/example_dags/example_xcom.py                                                                      1           0  0.19s           2026-01-15T10:46:22
/home/airflow/.local/lib/python3.8/site-packages/airflow/example_dags/example_branch_day_of_week_operator.py                                               1           0  0.17s           2026-01-15T10:46:22
/home/airflow/.local/lib/python3.8/site-packages/airflow/example_dags/example_sla_dag.py                                                                   1           0  0.25s           2026-01-15T10:46:22
/home/airflow/.local/lib/python3.8/site-packages/airflow/example_dags/example_latest_only.py                                                               1           0  0.20s           2026-01-15T10:46:22
/home/airflow/.local/lib/python3.8/site-packages/airflow/example_dags/example_task_group_decorator.py                                                      1           0  0.23s           2026-01-15T10:46:22
/home/airflow/.local/lib/python3.8/site-packages/airflow/example_dags/example_params_ui_tutorial.py                                                        1           0  0.21s           2026-01-15T10:46:22
/home/airflow/.local/lib/python3.8/site-packages/airflow/example_dags/example_task_group.py                                                                1           0  0.17s           2026-01-15T10:46:22
/home/airflow/.local/lib/python3.8/site-packages/airflow/example_dags/example_dynamic_task_mapping.py                                                      1           0  0.16s           2026-01-15T10:46:22
/home/airflow/.local/lib/python3.8/site-packages/airflow/example_dags/example_trigger_target_dag.py                                                        1           0  0.18s           2026-01-15T10:46:23
/home/airflow/.local/lib/python3.8/site-packages/airflow/example_dags/tutorial_dag.py                                                                      1           0  0.15s           2026-01-15T10:46:23
/home/airflow/.local/lib/python3.8/site-packages/airflow/example_dags/example_external_task_marker_dag.py                                                  2           0  0.15s           2026-01-15T10:46:21
/home/airflow/.local/lib/python3.8/site-packages/airflow/example_dags/example_xcomargs.py                                                                  2           0  0.17s           2026-01-15T10:46:23
/home/airflow/.local/lib/python3.8/site-packages/airflow/example_dags/example_subdag_operator.py                                                           3           0  0.22s           2026-01-15T10:46:21
/home/airflow/.local/lib/python3.8/site-packages/airflow/example_dags/example_branch_datetime_operator.py                                                  3           0  0.18s           2026-01-15T10:46:23
/home/airflow/.local/lib/python3.8/site-packages/airflow/example_dags/example_datasets.py                                                                  6           0  0.22s           2026-01-15T10:46:21
================================================================================
[2026-01-15T10:47:18.952+0000] {manager.py:879} INFO - 
================================================================================
DAG File Processing Stats

File Path                                                                                                                         PID    Runtime      # DAGs    # Errors  Last Runtime    Last Run
--------------------------------------------------------------------------------------------------------------------------------  -----  ---------  --------  ----------  --------------  -------------------
/home/airflow/.local/lib/python3.8/site-packages/airflow/example_dags/plugins/listener_plugin.py                                                           0           0  0.08s           2026-01-15T10:46:55
/home/airflow/.local/lib/python3.8/site-packages/airflow/example_dags/plugins/event_listener.py                                                            0           0  0.08s           2026-01-15T10:46:55
/home/airflow/.local/lib/python3.8/site-packages/airflow/example_dags/plugins/workday.py                                                                   0           0  0.61s           2026-01-15T10:46:55
/home/airflow/.local/lib/python3.8/site-packages/airflow/example_dags/subdags/subdag.py                                                                    0           0  0.08s           2026-01-15T10:46:55
/home/airflow/.local/lib/python3.8/site-packages/airflow/example_dags/example_dag_decorator.py                                                             1           0  0.32s           2026-01-15T10:46:49
/home/airflow/.local/lib/python3.8/site-packages/airflow/example_dags/example_branch_labels.py                                                             1           0  0.35s           2026-01-15T10:46:49
/home/airflow/.local/lib/python3.8/site-packages/airflow/example_dags/example_python_decorator.py                                                          1           0  0.22s           2026-01-15T10:46:49
/home/airflow/.local/lib/python3.8/site-packages/airflow/example_dags/example_setup_teardown.py                                                            1           0  0.28s           2026-01-15T10:46:49
/home/airflow/.local/lib/python3.8/site-packages/airflow/example_dags/example_kubernetes_executor.py                                                       1           0  0.30s           2026-01-15T10:46:49
/home/airflow/.local/lib/python3.8/site-packages/airflow/example_dags/example_short_circuit_operator.py                                                    1           0  0.24s           2026-01-15T10:46:49
/home/airflow/.local/lib/python3.8/site-packages/airflow/example_dags/example_latest_only_with_trigger.py                                                  1           0  0.22s           2026-01-15T10:46:50
/home/airflow/.local/lib/python3.8/site-packages/airflow/example_dags/example_time_delta_sensor_async.py                                                   1           0  0.21s           2026-01-15T10:46:50
/home/airflow/.local/lib/python3.8/site-packages/airflow/example_dags/example_skip_dag.py                                                                  1           0  0.22s           2026-01-15T10:46:50
/home/airflow/.local/lib/python3.8/site-packages/airflow/example_dags/example_branch_operator.py                                                           1           0  0.23s           2026-01-15T10:46:50
/home/airflow/.local/lib/python3.8/site-packages/airflow/example_dags/example_sensor_decorator.py                                                          1           0  0.22s           2026-01-15T10:46:50
/home/airflow/.local/lib/python3.8/site-packages/airflow/example_dags/tutorial_objectstorage.py                                                            1           0  0.21s           2026-01-15T10:46:50
/home/airflow/.local/lib/python3.8/site-packages/airflow/example_dags/tutorial_taskflow_api_virtualenv.py                                                  1           0  0.22s           2026-01-15T10:46:50
/home/airflow/.local/lib/python3.8/site-packages/airflow/example_dags/example_nested_branch_dag.py                                                         1           0  0.24s           2026-01-15T10:46:50
/home/airflow/.local/lib/python3.8/site-packages/airflow/example_dags/example_short_circuit_decorator.py                                                   1           0  0.25s           2026-01-15T10:46:51
/home/airflow/.local/lib/python3.8/site-packages/airflow/example_dags/tutorial.py                                                                          1           0  0.25s           2026-01-15T10:46:51
/home/airflow/.local/lib/python3.8/site-packages/airflow/example_dags/example_passing_params_via_test_command.py                                           1           0  0.24s           2026-01-15T10:46:51
/home/airflow/.local/lib/python3.8/site-packages/airflow/example_dags/example_setup_teardown_taskflow.py                                                   1           0  0.24s           2026-01-15T10:46:51
/home/airflow/.local/lib/python3.8/site-packages/airflow/example_dags/example_branch_operator_decorator.py                                                 1           0  0.27s           2026-01-15T10:46:51
/home/airflow/.local/lib/python3.8/site-packages/airflow/example_dags/tutorial_taskflow_api.py                                                             1           0  0.23s           2026-01-15T10:46:51
/home/airflow/.local/lib/python3.8/site-packages/airflow/example_dags/example_params_trigger_ui.py                                                         1           0  0.24s           2026-01-15T10:46:51
/home/airflow/.local/lib/python3.8/site-packages/airflow/example_dags/example_dynamic_task_mapping_with_no_taskflow_operators.py                           1           0  0.21s           2026-01-15T10:46:51
/home/airflow/.local/lib/python3.8/site-packages/airflow/example_dags/example_trigger_controller_dag.py                                                    1           0  0.21s           2026-01-15T10:46:52
/home/airflow/.local/lib/python3.8/site-packages/airflow/example_dags/example_local_kubernetes_executor.py                                                 1           0  0.22s           2026-01-15T10:46:52
/home/airflow/.local/lib/python3.8/site-packages/airflow/example_dags/example_python_operator.py                                                           1           0  0.25s           2026-01-15T10:46:52
/home/airflow/.local/lib/python3.8/site-packages/airflow/example_dags/example_bash_operator.py                                                             1           0  0.27s           2026-01-15T10:46:52
/home/airflow/.local/lib/python3.8/site-packages/airflow/example_dags/example_branch_python_dop_operator_3.py                                              1           0  0.23s           2026-01-15T10:46:52
/home/airflow/.local/lib/python3.8/site-packages/airflow/example_dags/example_sensors.py                                                                   1           0  0.22s           2026-01-15T10:46:53
/home/airflow/.local/lib/python3.8/site-packages/airflow/example_dags/example_complex.py                                                                   1           0  0.22s           2026-01-15T10:46:53
/home/airflow/.local/lib/python3.8/site-packages/airflow/example_dags/example_xcom.py                                                                      1           0  0.26s           2026-01-15T10:46:53
/home/airflow/.local/lib/python3.8/site-packages/airflow/example_dags/example_branch_day_of_week_operator.py                                               1           0  0.27s           2026-01-15T10:46:53
/home/airflow/.local/lib/python3.8/site-packages/airflow/example_dags/example_sla_dag.py                                                                   1           0  0.24s           2026-01-15T10:46:53
/home/airflow/.local/lib/python3.8/site-packages/airflow/example_dags/example_latest_only.py                                                               1           0  0.23s           2026-01-15T10:46:53
/home/airflow/.local/lib/python3.8/site-packages/airflow/example_dags/example_task_group_decorator.py                                                      1           0  0.24s           2026-01-15T10:46:53
/home/airflow/.local/lib/python3.8/site-packages/airflow/example_dags/example_params_ui_tutorial.py                                                        1           0  0.26s           2026-01-15T10:46:54
/home/airflow/.local/lib/python3.8/site-packages/airflow/example_dags/example_task_group.py                                                                1           0  0.22s           2026-01-15T10:46:54
/home/airflow/.local/lib/python3.8/site-packages/airflow/example_dags/example_dynamic_task_mapping.py                                                      1           0  0.26s           2026-01-15T10:46:54
/home/airflow/.local/lib/python3.8/site-packages/airflow/example_dags/example_trigger_target_dag.py                                                        1           0  0.27s           2026-01-15T10:46:54
/home/airflow/.local/lib/python3.8/site-packages/airflow/example_dags/tutorial_dag.py                                                                      1           0  0.28s           2026-01-15T10:46:54
/home/airflow/.local/lib/python3.8/site-packages/airflow/example_dags/example_external_task_marker_dag.py                                                  2           0  0.23s           2026-01-15T10:46:52
/home/airflow/.local/lib/python3.8/site-packages/airflow/example_dags/example_xcomargs.py                                                                  2           0  0.30s           2026-01-15T10:46:54
/home/airflow/.local/lib/python3.8/site-packages/airflow/example_dags/example_subdag_operator.py                                                           3           0  0.27s           2026-01-15T10:46:52
/home/airflow/.local/lib/python3.8/site-packages/airflow/example_dags/example_branch_datetime_operator.py                                                  3           0  0.30s           2026-01-15T10:46:55
/home/airflow/.local/lib/python3.8/site-packages/airflow/example_dags/example_datasets.py                                                                  6           0  0.40s           2026-01-15T10:46:52
================================================================================
[2026-01-15T10:47:49.386+0000] {manager.py:879} INFO - 
================================================================================
DAG File Processing Stats

File Path                                                                                                                         PID    Runtime      # DAGs    # Errors  Last Runtime    Last Run
--------------------------------------------------------------------------------------------------------------------------------  -----  ---------  --------  ----------  --------------  -------------------
/home/airflow/.local/lib/python3.8/site-packages/airflow/example_dags/plugins/listener_plugin.py                                                           0           0  0.06s           2026-01-15T10:47:25
/home/airflow/.local/lib/python3.8/site-packages/airflow/example_dags/plugins/event_listener.py                                                            0           0  0.07s           2026-01-15T10:47:25
/home/airflow/.local/lib/python3.8/site-packages/airflow/example_dags/plugins/workday.py                                                                   0           0  0.61s           2026-01-15T10:47:27
/home/airflow/.local/lib/python3.8/site-packages/airflow/example_dags/subdags/subdag.py                                                                    0           0  0.08s           2026-01-15T10:47:26
/home/airflow/.local/lib/python3.8/site-packages/airflow/example_dags/example_dag_decorator.py                                                             1           0  0.32s           2026-01-15T10:47:20
/home/airflow/.local/lib/python3.8/site-packages/airflow/example_dags/example_branch_labels.py                                                             1           0  0.13s           2026-01-15T10:47:20
/home/airflow/.local/lib/python3.8/site-packages/airflow/example_dags/example_python_decorator.py                                                          1           0  0.13s           2026-01-15T10:47:20
/home/airflow/.local/lib/python3.8/site-packages/airflow/example_dags/example_setup_teardown.py                                                            1           0  0.12s           2026-01-15T10:47:20
/home/airflow/.local/lib/python3.8/site-packages/airflow/example_dags/example_kubernetes_executor.py                                                       1           0  0.14s           2026-01-15T10:47:20
/home/airflow/.local/lib/python3.8/site-packages/airflow/example_dags/example_short_circuit_operator.py                                                    1           0  0.13s           2026-01-15T10:47:20
/home/airflow/.local/lib/python3.8/site-packages/airflow/example_dags/example_latest_only_with_trigger.py                                                  1           0  0.13s           2026-01-15T10:47:20
/home/airflow/.local/lib/python3.8/site-packages/airflow/example_dags/example_time_delta_sensor_async.py                                                   1           0  0.11s           2026-01-15T10:47:20
/home/airflow/.local/lib/python3.8/site-packages/airflow/example_dags/example_skip_dag.py                                                                  1           0  0.13s           2026-01-15T10:47:20
/home/airflow/.local/lib/python3.8/site-packages/airflow/example_dags/example_branch_operator.py                                                           1           0  0.14s           2026-01-15T10:47:20
/home/airflow/.local/lib/python3.8/site-packages/airflow/example_dags/example_sensor_decorator.py                                                          1           0  0.12s           2026-01-15T10:47:20
/home/airflow/.local/lib/python3.8/site-packages/airflow/example_dags/tutorial_objectstorage.py                                                            1           0  0.11s           2026-01-15T10:47:20
/home/airflow/.local/lib/python3.8/site-packages/airflow/example_dags/tutorial_taskflow_api_virtualenv.py                                                  1           0  0.12s           2026-01-15T10:47:20
/home/airflow/.local/lib/python3.8/site-packages/airflow/example_dags/example_nested_branch_dag.py                                                         1           0  0.13s           2026-01-15T10:47:21
/home/airflow/.local/lib/python3.8/site-packages/airflow/example_dags/example_short_circuit_decorator.py                                                   1           0  0.14s           2026-01-15T10:47:21
/home/airflow/.local/lib/python3.8/site-packages/airflow/example_dags/tutorial.py                                                                          1           0  0.15s           2026-01-15T10:47:21
/home/airflow/.local/lib/python3.8/site-packages/airflow/example_dags/example_passing_params_via_test_command.py                                           1           0  0.15s           2026-01-15T10:47:21
/home/airflow/.local/lib/python3.8/site-packages/airflow/example_dags/example_setup_teardown_taskflow.py                                                   1           0  0.13s           2026-01-15T10:47:21
/home/airflow/.local/lib/python3.8/site-packages/airflow/example_dags/example_branch_operator_decorator.py                                                 1           0  0.15s           2026-01-15T10:47:21
/home/airflow/.local/lib/python3.8/site-packages/airflow/example_dags/tutorial_taskflow_api.py                                                             1           0  0.12s           2026-01-15T10:47:21
/home/airflow/.local/lib/python3.8/site-packages/airflow/example_dags/example_params_trigger_ui.py                                                         1           0  0.15s           2026-01-15T10:47:22
/home/airflow/.local/lib/python3.8/site-packages/airflow/example_dags/example_dynamic_task_mapping_with_no_taskflow_operators.py                           1           0  0.13s           2026-01-15T10:47:22
/home/airflow/.local/lib/python3.8/site-packages/airflow/example_dags/example_trigger_controller_dag.py                                                    1           0  0.13s           2026-01-15T10:47:23
/home/airflow/.local/lib/python3.8/site-packages/airflow/example_dags/example_local_kubernetes_executor.py                                                 1           0  0.14s           2026-01-15T10:47:23
/home/airflow/.local/lib/python3.8/site-packages/airflow/example_dags/example_python_operator.py                                                           1           0  0.12s           2026-01-15T10:47:23
/home/airflow/.local/lib/python3.8/site-packages/airflow/example_dags/example_bash_operator.py                                                             1           0  0.14s           2026-01-15T10:47:23
/home/airflow/.local/lib/python3.8/site-packages/airflow/example_dags/example_branch_python_dop_operator_3.py                                              1           0  0.13s           2026-01-15T10:47:23
/home/airflow/.local/lib/python3.8/site-packages/airflow/example_dags/example_sensors.py                                                                   1           0  0.13s           2026-01-15T10:47:23
/home/airflow/.local/lib/python3.8/site-packages/airflow/example_dags/example_complex.py                                                                   1           0  0.13s           2026-01-15T10:47:23
/home/airflow/.local/lib/python3.8/site-packages/airflow/example_dags/example_xcom.py                                                                      1           0  0.13s           2026-01-15T10:47:23
/home/airflow/.local/lib/python3.8/site-packages/airflow/example_dags/example_branch_day_of_week_operator.py                                               1           0  0.13s           2026-01-15T10:47:23
/home/airflow/.local/lib/python3.8/site-packages/airflow/example_dags/example_sla_dag.py                                                                   1           0  0.13s           2026-01-15T10:47:23
/home/airflow/.local/lib/python3.8/site-packages/airflow/example_dags/example_latest_only.py                                                               1           0  0.14s           2026-01-15T10:47:24
/home/airflow/.local/lib/python3.8/site-packages/airflow/example_dags/example_task_group_decorator.py                                                      1           0  0.14s           2026-01-15T10:47:24
/home/airflow/.local/lib/python3.8/site-packages/airflow/example_dags/example_params_ui_tutorial.py                                                        1           0  0.16s           2026-01-15T10:47:25
/home/airflow/.local/lib/python3.8/site-packages/airflow/example_dags/example_task_group.py                                                                1           0  0.15s           2026-01-15T10:47:25
/home/airflow/.local/lib/python3.8/site-packages/airflow/example_dags/example_dynamic_task_mapping.py                                                      1           0  0.13s           2026-01-15T10:47:25
/home/airflow/.local/lib/python3.8/site-packages/airflow/example_dags/example_trigger_target_dag.py                                                        1           0  0.13s           2026-01-15T10:47:25
/home/airflow/.local/lib/python3.8/site-packages/airflow/example_dags/tutorial_dag.py                                                                      1           0  0.12s           2026-01-15T10:47:25
/home/airflow/.local/lib/python3.8/site-packages/airflow/example_dags/example_external_task_marker_dag.py                                                  2           0  0.12s           2026-01-15T10:47:23
/home/airflow/.local/lib/python3.8/site-packages/airflow/example_dags/example_xcomargs.py                                                                  2           0  0.14s           2026-01-15T10:47:25
/home/airflow/.local/lib/python3.8/site-packages/airflow/example_dags/example_subdag_operator.py                                                           3           0  0.16s           2026-01-15T10:47:23
/home/airflow/.local/lib/python3.8/site-packages/airflow/example_dags/example_branch_datetime_operator.py                                                  3           0  0.16s           2026-01-15T10:47:25
/home/airflow/.local/lib/python3.8/site-packages/airflow/example_dags/example_datasets.py                                                                  6           0  0.17s           2026-01-15T10:47:23
================================================================================
[2026-01-15T10:48:19.867+0000] {manager.py:879} INFO - 
================================================================================
DAG File Processing Stats

File Path                                                                                                                         PID    Runtime      # DAGs    # Errors  Last Runtime    Last Run
--------------------------------------------------------------------------------------------------------------------------------  -----  ---------  --------  ----------  --------------  -------------------
/home/airflow/.local/lib/python3.8/site-packages/airflow/example_dags/plugins/listener_plugin.py                                                           0           0  0.09s           2026-01-15T10:47:56
/home/airflow/.local/lib/python3.8/site-packages/airflow/example_dags/plugins/event_listener.py                                                            0           0  0.09s           2026-01-15T10:47:56
/home/airflow/.local/lib/python3.8/site-packages/airflow/example_dags/plugins/workday.py                                                                   0           0  0.56s           2026-01-15T10:47:58
/home/airflow/.local/lib/python3.8/site-packages/airflow/example_dags/subdags/subdag.py                                                                    0           0  0.07s           2026-01-15T10:47:57
/home/airflow/.local/lib/python3.8/site-packages/airflow/example_dags/example_dag_decorator.py                                                             1           0  0.32s           2026-01-15T10:47:50
/home/airflow/.local/lib/python3.8/site-packages/airflow/example_dags/example_branch_labels.py                                                             1           0  0.14s           2026-01-15T10:47:50
/home/airflow/.local/lib/python3.8/site-packages/airflow/example_dags/example_python_decorator.py                                                          1           0  0.13s           2026-01-15T10:47:50
/home/airflow/.local/lib/python3.8/site-packages/airflow/example_dags/example_setup_teardown.py                                                            1           0  0.14s           2026-01-15T10:47:50
/home/airflow/.local/lib/python3.8/site-packages/airflow/example_dags/example_kubernetes_executor.py                                                       1           0  0.16s           2026-01-15T10:47:50
/home/airflow/.local/lib/python3.8/site-packages/airflow/example_dags/example_short_circuit_operator.py                                                    1           0  0.14s           2026-01-15T10:47:50
/home/airflow/.local/lib/python3.8/site-packages/airflow/example_dags/example_latest_only_with_trigger.py                                                  1           0  0.13s           2026-01-15T10:47:51
/home/airflow/.local/lib/python3.8/site-packages/airflow/example_dags/example_time_delta_sensor_async.py                                                   1           0  0.12s           2026-01-15T10:47:51
/home/airflow/.local/lib/python3.8/site-packages/airflow/example_dags/example_skip_dag.py                                                                  1           0  0.14s           2026-01-15T10:47:51
/home/airflow/.local/lib/python3.8/site-packages/airflow/example_dags/example_branch_operator.py                                                           1           0  0.16s           2026-01-15T10:47:51
/home/airflow/.local/lib/python3.8/site-packages/airflow/example_dags/example_sensor_decorator.py                                                          1           0  0.12s           2026-01-15T10:47:51
/home/airflow/.local/lib/python3.8/site-packages/airflow/example_dags/tutorial_objectstorage.py                                                            1           0  0.12s           2026-01-15T10:47:51
/home/airflow/.local/lib/python3.8/site-packages/airflow/example_dags/tutorial_taskflow_api_virtualenv.py                                                  1           0  0.13s           2026-01-15T10:47:51
/home/airflow/.local/lib/python3.8/site-packages/airflow/example_dags/example_nested_branch_dag.py                                                         1           0  0.15s           2026-01-15T10:47:51
/home/airflow/.local/lib/python3.8/site-packages/airflow/example_dags/example_short_circuit_decorator.py                                                   1           0  0.15s           2026-01-15T10:47:51
/home/airflow/.local/lib/python3.8/site-packages/airflow/example_dags/tutorial.py                                                                          1           0  0.15s           2026-01-15T10:47:51
/home/airflow/.local/lib/python3.8/site-packages/airflow/example_dags/example_passing_params_via_test_command.py                                           1           0  0.17s           2026-01-15T10:47:51
/home/airflow/.local/lib/python3.8/site-packages/airflow/example_dags/example_setup_teardown_taskflow.py                                                   1           0  0.17s           2026-01-15T10:47:51
/home/airflow/.local/lib/python3.8/site-packages/airflow/example_dags/example_branch_operator_decorator.py                                                 1           0  0.15s           2026-01-15T10:47:52
/home/airflow/.local/lib/python3.8/site-packages/airflow/example_dags/tutorial_taskflow_api.py                                                             1           0  0.14s           2026-01-15T10:47:51
/home/airflow/.local/lib/python3.8/site-packages/airflow/example_dags/example_params_trigger_ui.py                                                         1           0  0.19s           2026-01-15T10:47:53
/home/airflow/.local/lib/python3.8/site-packages/airflow/example_dags/example_dynamic_task_mapping_with_no_taskflow_operators.py                           1           0  0.15s           2026-01-15T10:47:53
/home/airflow/.local/lib/python3.8/site-packages/airflow/example_dags/example_trigger_controller_dag.py                                                    1           0  0.13s           2026-01-15T10:47:53
/home/airflow/.local/lib/python3.8/site-packages/airflow/example_dags/example_local_kubernetes_executor.py                                                 1           0  0.15s           2026-01-15T10:47:53
/home/airflow/.local/lib/python3.8/site-packages/airflow/example_dags/example_python_operator.py                                                           1           0  0.13s           2026-01-15T10:47:53
/home/airflow/.local/lib/python3.8/site-packages/airflow/example_dags/example_bash_operator.py                                                             1           0  0.15s           2026-01-15T10:47:53
/home/airflow/.local/lib/python3.8/site-packages/airflow/example_dags/example_branch_python_dop_operator_3.py                                              1           0  0.14s           2026-01-15T10:47:53
/home/airflow/.local/lib/python3.8/site-packages/airflow/example_dags/example_sensors.py                                                                   1           0  0.13s           2026-01-15T10:47:53
/home/airflow/.local/lib/python3.8/site-packages/airflow/example_dags/example_complex.py                                                                   1           0  0.14s           2026-01-15T10:47:53
/home/airflow/.local/lib/python3.8/site-packages/airflow/example_dags/example_xcom.py                                                                      1           0  0.14s           2026-01-15T10:47:53
/home/airflow/.local/lib/python3.8/site-packages/airflow/example_dags/example_branch_day_of_week_operator.py                                               1           0  0.14s           2026-01-15T10:47:54
/home/airflow/.local/lib/python3.8/site-packages/airflow/example_dags/example_sla_dag.py                                                                   1           0  0.14s           2026-01-15T10:47:54
/home/airflow/.local/lib/python3.8/site-packages/airflow/example_dags/example_latest_only.py                                                               1           0  0.16s           2026-01-15T10:47:55
/home/airflow/.local/lib/python3.8/site-packages/airflow/example_dags/example_task_group_decorator.py                                                      1           0  0.17s           2026-01-15T10:47:55
/home/airflow/.local/lib/python3.8/site-packages/airflow/example_dags/example_params_ui_tutorial.py                                                        1           0  0.21s           2026-01-15T10:47:55
/home/airflow/.local/lib/python3.8/site-packages/airflow/example_dags/example_task_group.py                                                                1           0  0.17s           2026-01-15T10:47:55
/home/airflow/.local/lib/python3.8/site-packages/airflow/example_dags/example_dynamic_task_mapping.py                                                      1           0  0.16s           2026-01-15T10:47:55
/home/airflow/.local/lib/python3.8/site-packages/airflow/example_dags/example_trigger_target_dag.py                                                        1           0  0.15s           2026-01-15T10:47:55
/home/airflow/.local/lib/python3.8/site-packages/airflow/example_dags/tutorial_dag.py                                                                      1           0  0.16s           2026-01-15T10:47:55
/home/airflow/.local/lib/python3.8/site-packages/airflow/example_dags/example_external_task_marker_dag.py                                                  2           0  0.14s           2026-01-15T10:47:53
/home/airflow/.local/lib/python3.8/site-packages/airflow/example_dags/example_xcomargs.py                                                                  2           0  0.15s           2026-01-15T10:47:55
/home/airflow/.local/lib/python3.8/site-packages/airflow/example_dags/example_subdag_operator.py                                                           3           0  0.17s           2026-01-15T10:47:53
/home/airflow/.local/lib/python3.8/site-packages/airflow/example_dags/example_branch_datetime_operator.py                                                  3           0  0.19s           2026-01-15T10:47:56
/home/airflow/.local/lib/python3.8/site-packages/airflow/example_dags/example_datasets.py                                                                  6           0  0.20s           2026-01-15T10:47:53
================================================================================
[2026-01-15T10:48:47.803+0000] {manager.py:451} INFO - Exiting gracefully upon receiving signal 15
[2026-01-15T10:51:06.101+0000] {manager.py:469} INFO - Processing files using up to 2 processes at a time 
[2026-01-15T10:51:06.102+0000] {manager.py:470} INFO - Process each file at most once every 30 seconds
[2026-01-15T10:51:06.103+0000] {manager.py:471} INFO - Checking for new files in /opt/airflow/dags every 300 seconds
[2026-01-15T10:51:06.104+0000] {manager.py:738} INFO - Searching for files in /opt/airflow/dags
[2026-01-15T10:51:06.167+0000] {manager.py:741} INFO - There are 48 files in /opt/airflow/dags
[2026-01-15T10:51:06.363+0000] {manager.py:879} INFO - 
================================================================================
DAG File Processing Stats

File Path                                                                                                                           PID  Runtime      # DAGs    # Errors  Last Runtime    Last Run
--------------------------------------------------------------------------------------------------------------------------------  -----  ---------  --------  ----------  --------------  ----------
/home/airflow/.local/lib/python3.8/site-packages/airflow/example_dags/example_dag_decorator.py                                       46  0.08s             0           0
/home/airflow/.local/lib/python3.8/site-packages/airflow/example_dags/example_branch_labels.py                                       47  0.07s             0           0
/home/airflow/.local/lib/python3.8/site-packages/airflow/example_dags/example_python_decorator.py                                                          0           0
/home/airflow/.local/lib/python3.8/site-packages/airflow/example_dags/example_setup_teardown.py                                                            0           0
/home/airflow/.local/lib/python3.8/site-packages/airflow/example_dags/example_kubernetes_executor.py                                                       0           0
/home/airflow/.local/lib/python3.8/site-packages/airflow/example_dags/example_short_circuit_operator.py                                                    0           0
/home/airflow/.local/lib/python3.8/site-packages/airflow/example_dags/example_latest_only_with_trigger.py                                                  0           0
/home/airflow/.local/lib/python3.8/site-packages/airflow/example_dags/example_time_delta_sensor_async.py                                                   0           0
/home/airflow/.local/lib/python3.8/site-packages/airflow/example_dags/example_skip_dag.py                                                                  0           0
/home/airflow/.local/lib/python3.8/site-packages/airflow/example_dags/example_branch_operator.py                                                           0           0
/home/airflow/.local/lib/python3.8/site-packages/airflow/example_dags/example_sensor_decorator.py                                                          0           0
/home/airflow/.local/lib/python3.8/site-packages/airflow/example_dags/tutorial_objectstorage.py                                                            0           0
/home/airflow/.local/lib/python3.8/site-packages/airflow/example_dags/tutorial_taskflow_api_virtualenv.py                                                  0           0
/home/airflow/.local/lib/python3.8/site-packages/airflow/example_dags/example_nested_branch_dag.py                                                         0           0
/home/airflow/.local/lib/python3.8/site-packages/airflow/example_dags/example_short_circuit_decorator.py                                                   0           0
/home/airflow/.local/lib/python3.8/site-packages/airflow/example_dags/tutorial.py                                                                          0           0
/home/airflow/.local/lib/python3.8/site-packages/airflow/example_dags/example_passing_params_via_test_command.py                                           0           0
/home/airflow/.local/lib/python3.8/site-packages/airflow/example_dags/example_setup_teardown_taskflow.py                                                   0           0
/home/airflow/.local/lib/python3.8/site-packages/airflow/example_dags/example_branch_operator_decorator.py                                                 0           0
/home/airflow/.local/lib/python3.8/site-packages/airflow/example_dags/tutorial_taskflow_api.py                                                             0           0
/home/airflow/.local/lib/python3.8/site-packages/airflow/example_dags/example_params_trigger_ui.py                                                         0           0
/home/airflow/.local/lib/python3.8/site-packages/airflow/example_dags/example_dynamic_task_mapping_with_no_taskflow_operators.py                           0           0
/home/airflow/.local/lib/python3.8/site-packages/airflow/example_dags/example_trigger_controller_dag.py                                                    0           0
/home/airflow/.local/lib/python3.8/site-packages/airflow/example_dags/example_subdag_operator.py                                                           0           0
/home/airflow/.local/lib/python3.8/site-packages/airflow/example_dags/example_local_kubernetes_executor.py                                                 0           0
/home/airflow/.local/lib/python3.8/site-packages/airflow/example_dags/example_external_task_marker_dag.py                                                  0           0
/home/airflow/.local/lib/python3.8/site-packages/airflow/example_dags/example_python_operator.py                                                           0           0
/home/airflow/.local/lib/python3.8/site-packages/airflow/example_dags/example_datasets.py                                                                  0           0
/home/airflow/.local/lib/python3.8/site-packages/airflow/example_dags/example_bash_operator.py                                                             0           0
/home/airflow/.local/lib/python3.8/site-packages/airflow/example_dags/example_branch_python_dop_operator_3.py                                              0           0
/home/airflow/.local/lib/python3.8/site-packages/airflow/example_dags/example_sensors.py                                                                   0           0
/home/airflow/.local/lib/python3.8/site-packages/airflow/example_dags/example_complex.py                                                                   0           0
/home/airflow/.local/lib/python3.8/site-packages/airflow/example_dags/example_xcom.py                                                                      0           0
/home/airflow/.local/lib/python3.8/site-packages/airflow/example_dags/example_branch_day_of_week_operator.py                                               0           0
/home/airflow/.local/lib/python3.8/site-packages/airflow/example_dags/example_sla_dag.py                                                                   0           0
/home/airflow/.local/lib/python3.8/site-packages/airflow/example_dags/example_latest_only.py                                                               0           0
/home/airflow/.local/lib/python3.8/site-packages/airflow/example_dags/example_task_group_decorator.py                                                      0           0
/home/airflow/.local/lib/python3.8/site-packages/airflow/example_dags/example_params_ui_tutorial.py                                                        0           0
/home/airflow/.local/lib/python3.8/site-packages/airflow/example_dags/example_task_group.py                                                                0           0
/home/airflow/.local/lib/python3.8/site-packages/airflow/example_dags/example_dynamic_task_mapping.py                                                      0           0
/home/airflow/.local/lib/python3.8/site-packages/airflow/example_dags/example_trigger_target_dag.py                                                        0           0
/home/airflow/.local/lib/python3.8/site-packages/airflow/example_dags/example_xcomargs.py                                                                  0           0
/home/airflow/.local/lib/python3.8/site-packages/airflow/example_dags/tutorial_dag.py                                                                      0           0
/home/airflow/.local/lib/python3.8/site-packages/airflow/example_dags/example_branch_datetime_operator.py                                                  0           0
/home/airflow/.local/lib/python3.8/site-packages/airflow/example_dags/plugins/listener_plugin.py                                                           0           0
/home/airflow/.local/lib/python3.8/site-packages/airflow/example_dags/plugins/event_listener.py                                                            0           0
/home/airflow/.local/lib/python3.8/site-packages/airflow/example_dags/plugins/workday.py                                                                   0           0
/home/airflow/.local/lib/python3.8/site-packages/airflow/example_dags/subdags/subdag.py                                                                    0           0
================================================================================
[2026-01-15T10:51:36.778+0000] {manager.py:879} INFO - 
================================================================================
DAG File Processing Stats

File Path                                                                                                                           PID  Runtime      # DAGs    # Errors  Last Runtime    Last Run
--------------------------------------------------------------------------------------------------------------------------------  -----  ---------  --------  ----------  --------------  -------------------
/home/airflow/.local/lib/python3.8/site-packages/airflow/example_dags/plugins/listener_plugin.py                                                           0           0  0.08s           2026-01-15T10:51:10
/home/airflow/.local/lib/python3.8/site-packages/airflow/example_dags/plugins/event_listener.py                                                            0           0  0.09s           2026-01-15T10:51:11
/home/airflow/.local/lib/python3.8/site-packages/airflow/example_dags/plugins/workday.py                                                                   0           0  1.56s           2026-01-15T10:51:12
/home/airflow/.local/lib/python3.8/site-packages/airflow/example_dags/subdags/subdag.py                                                                    0           0  0.09s           2026-01-15T10:51:11
/home/airflow/.local/lib/python3.8/site-packages/airflow/example_dags/example_dag_decorator.py                                                             1           0  0.49s           2026-01-15T10:51:06
/home/airflow/.local/lib/python3.8/site-packages/airflow/example_dags/example_branch_labels.py                                      101  0.02s             1           0  0.22s           2026-01-15T10:51:06
/home/airflow/.local/lib/python3.8/site-packages/airflow/example_dags/example_python_decorator.py                                   102  0.01s             1           0  0.18s           2026-01-15T10:51:06
/home/airflow/.local/lib/python3.8/site-packages/airflow/example_dags/example_setup_teardown.py                                                            1           0  0.16s           2026-01-15T10:51:06
/home/airflow/.local/lib/python3.8/site-packages/airflow/example_dags/example_kubernetes_executor.py                                                       1           0  0.16s           2026-01-15T10:51:06
/home/airflow/.local/lib/python3.8/site-packages/airflow/example_dags/example_short_circuit_operator.py                                                    1           0  0.20s           2026-01-15T10:51:07
/home/airflow/.local/lib/python3.8/site-packages/airflow/example_dags/example_latest_only_with_trigger.py                                                  1           0  0.21s           2026-01-15T10:51:07
/home/airflow/.local/lib/python3.8/site-packages/airflow/example_dags/example_time_delta_sensor_async.py                                                   1           0  0.17s           2026-01-15T10:51:07
/home/airflow/.local/lib/python3.8/site-packages/airflow/example_dags/example_skip_dag.py                                                                  1           0  0.18s           2026-01-15T10:51:07
/home/airflow/.local/lib/python3.8/site-packages/airflow/example_dags/example_branch_operator.py                                                           1           0  0.18s           2026-01-15T10:51:07
/home/airflow/.local/lib/python3.8/site-packages/airflow/example_dags/example_sensor_decorator.py                                                          1           0  0.22s           2026-01-15T10:51:07
/home/airflow/.local/lib/python3.8/site-packages/airflow/example_dags/tutorial_objectstorage.py                                                            1           0  0.17s           2026-01-15T10:51:07
/home/airflow/.local/lib/python3.8/site-packages/airflow/example_dags/tutorial_taskflow_api_virtualenv.py                                                  1           0  0.14s           2026-01-15T10:51:07
/home/airflow/.local/lib/python3.8/site-packages/airflow/example_dags/example_nested_branch_dag.py                                                         1           0  0.17s           2026-01-15T10:51:07
/home/airflow/.local/lib/python3.8/site-packages/airflow/example_dags/example_short_circuit_decorator.py                                                   1           0  0.25s           2026-01-15T10:51:08
/home/airflow/.local/lib/python3.8/site-packages/airflow/example_dags/tutorial.py                                                                          1           0  0.26s           2026-01-15T10:51:08
/home/airflow/.local/lib/python3.8/site-packages/airflow/example_dags/example_passing_params_via_test_command.py                                           1           0  0.22s           2026-01-15T10:51:08
/home/airflow/.local/lib/python3.8/site-packages/airflow/example_dags/example_setup_teardown_taskflow.py                                                   1           0  0.20s           2026-01-15T10:51:08
/home/airflow/.local/lib/python3.8/site-packages/airflow/example_dags/example_branch_operator_decorator.py                                                 1           0  0.22s           2026-01-15T10:51:08
/home/airflow/.local/lib/python3.8/site-packages/airflow/example_dags/tutorial_taskflow_api.py                                                             1           0  0.21s           2026-01-15T10:51:08
/home/airflow/.local/lib/python3.8/site-packages/airflow/example_dags/example_params_trigger_ui.py                                                         1           0  0.16s           2026-01-15T10:51:08
/home/airflow/.local/lib/python3.8/site-packages/airflow/example_dags/example_dynamic_task_mapping_with_no_taskflow_operators.py                           1           0  0.20s           2026-01-15T10:51:08
/home/airflow/.local/lib/python3.8/site-packages/airflow/example_dags/example_trigger_controller_dag.py                                                    1           0  0.18s           2026-01-15T10:51:08
/home/airflow/.local/lib/python3.8/site-packages/airflow/example_dags/example_local_kubernetes_executor.py                                                 1           0  0.18s           2026-01-15T10:51:09
/home/airflow/.local/lib/python3.8/site-packages/airflow/example_dags/example_python_operator.py                                                           1           0  0.18s           2026-01-15T10:51:09
/home/airflow/.local/lib/python3.8/site-packages/airflow/example_dags/example_bash_operator.py                                                             1           0  0.19s           2026-01-15T10:51:09
/home/airflow/.local/lib/python3.8/site-packages/airflow/example_dags/example_branch_python_dop_operator_3.py                                              1           0  0.17s           2026-01-15T10:51:09
/home/airflow/.local/lib/python3.8/site-packages/airflow/example_dags/example_sensors.py                                                                   1           0  0.16s           2026-01-15T10:51:09
/home/airflow/.local/lib/python3.8/site-packages/airflow/example_dags/example_complex.py                                                                   1           0  0.19s           2026-01-15T10:51:09
/home/airflow/.local/lib/python3.8/site-packages/airflow/example_dags/example_xcom.py                                                                      1           0  0.21s           2026-01-15T10:51:09
/home/airflow/.local/lib/python3.8/site-packages/airflow/example_dags/example_branch_day_of_week_operator.py                                               1           0  0.20s           2026-01-15T10:51:10
/home/airflow/.local/lib/python3.8/site-packages/airflow/example_dags/example_sla_dag.py                                                                   1           0  0.18s           2026-01-15T10:51:10
/home/airflow/.local/lib/python3.8/site-packages/airflow/example_dags/example_latest_only.py                                                               1           0  0.19s           2026-01-15T10:51:10
/home/airflow/.local/lib/python3.8/site-packages/airflow/example_dags/example_task_group_decorator.py                                                      1           0  0.18s           2026-01-15T10:51:10
/home/airflow/.local/lib/python3.8/site-packages/airflow/example_dags/example_params_ui_tutorial.py                                                        1           0  0.15s           2026-01-15T10:51:10
/home/airflow/.local/lib/python3.8/site-packages/airflow/example_dags/example_task_group.py                                                                1           0  0.17s           2026-01-15T10:51:10
/home/airflow/.local/lib/python3.8/site-packages/airflow/example_dags/example_dynamic_task_mapping.py                                                      1           0  0.20s           2026-01-15T10:51:10
/home/airflow/.local/lib/python3.8/site-packages/airflow/example_dags/example_trigger_target_dag.py                                                        1           0  0.19s           2026-01-15T10:51:10
/home/airflow/.local/lib/python3.8/site-packages/airflow/example_dags/tutorial_dag.py                                                                      1           0  0.18s           2026-01-15T10:51:10
/home/airflow/.local/lib/python3.8/site-packages/airflow/example_dags/example_external_task_marker_dag.py                                                  2           0  0.17s           2026-01-15T10:51:09
/home/airflow/.local/lib/python3.8/site-packages/airflow/example_dags/example_xcomargs.py                                                                  2           0  0.18s           2026-01-15T10:51:10
/home/airflow/.local/lib/python3.8/site-packages/airflow/example_dags/example_subdag_operator.py                                                           3           0  0.23s           2026-01-15T10:51:09
/home/airflow/.local/lib/python3.8/site-packages/airflow/example_dags/example_branch_datetime_operator.py                                                  3           0  0.18s           2026-01-15T10:51:11
/home/airflow/.local/lib/python3.8/site-packages/airflow/example_dags/example_datasets.py                                                                  6           0  0.23s           2026-01-15T10:51:09
================================================================================
[2026-01-15T10:51:44.916+0000] {manager.py:451} INFO - Exiting gracefully upon receiving signal 15
[2026-01-15T10:53:24.543+0000] {manager.py:469} INFO - Processing files using up to 2 processes at a time 
[2026-01-15T10:53:24.544+0000] {manager.py:470} INFO - Process each file at most once every 30 seconds
[2026-01-15T10:53:24.545+0000] {manager.py:471} INFO - Checking for new files in /opt/airflow/dags every 300 seconds
[2026-01-15T10:53:24.546+0000] {manager.py:738} INFO - Searching for files in /opt/airflow/dags
[2026-01-15T10:53:24.568+0000] {manager.py:741} INFO - There are 0 files in /opt/airflow/dags
[2026-01-15T10:58:25.062+0000] {manager.py:738} INFO - Searching for files in /opt/airflow/dags
[2026-01-15T10:58:25.076+0000] {manager.py:741} INFO - There are 0 files in /opt/airflow/dags
[2026-01-15T11:03:25.522+0000] {manager.py:738} INFO - Searching for files in /opt/airflow/dags
[2026-01-15T11:03:25.552+0000] {manager.py:741} INFO - There are 1 files in /opt/airflow/dags
[2026-01-15T11:03:27.682+0000] {manager.py:879} INFO - 
================================================================================
DAG File Processing Stats

File Path                                        PID  Runtime      # DAGs    # Errors  Last Runtime    Last Run
---------------------------------------------  -----  ---------  --------  ----------  --------------  ----------
/opt/airflow/dags/nyc_taxi_price_predictor.py    175  2.02s             0           0
================================================================================
[2026-01-15T11:03:57.861+0000] {manager.py:879} INFO - 
================================================================================
DAG File Processing Stats

File Path                                      PID    Runtime      # DAGs    # Errors  Last Runtime    Last Run
---------------------------------------------  -----  ---------  --------  ----------  --------------  -------------------
/opt/airflow/dags/nyc_taxi_price_predictor.py                           1           0  2.52s           2026-01-15T11:03:28
================================================================================
[2026-01-15T11:04:28.585+0000] {manager.py:879} INFO - 
================================================================================
DAG File Processing Stats

File Path                                      PID    Runtime      # DAGs    # Errors  Last Runtime    Last Run
---------------------------------------------  -----  ---------  --------  ----------  --------------  -------------------
/opt/airflow/dags/nyc_taxi_price_predictor.py                           1           0  1.15s           2026-01-15T11:03:59
================================================================================
[2026-01-15T11:04:58.905+0000] {manager.py:879} INFO - 
================================================================================
DAG File Processing Stats

File Path                                      PID    Runtime      # DAGs    # Errors  Last Runtime    Last Run
---------------------------------------------  -----  ---------  --------  ----------  --------------  -------------------
/opt/airflow/dags/nyc_taxi_price_predictor.py                           1           0  1.14s           2026-01-15T11:04:30
================================================================================
[2026-01-15T11:05:29.113+0000] {manager.py:879} INFO - 
================================================================================
DAG File Processing Stats

File Path                                      PID    Runtime      # DAGs    # Errors  Last Runtime    Last Run
---------------------------------------------  -----  ---------  --------  ----------  --------------  -------------------
/opt/airflow/dags/nyc_taxi_price_predictor.py                           1           0  1.06s           2026-01-15T11:05:01
================================================================================
[2026-01-15T11:05:59.320+0000] {manager.py:879} INFO - 
================================================================================
DAG File Processing Stats

File Path                                      PID    Runtime      # DAGs    # Errors  Last Runtime    Last Run
---------------------------------------------  -----  ---------  --------  ----------  --------------  -------------------
/opt/airflow/dags/nyc_taxi_price_predictor.py                           1           0  1.10s           2026-01-15T11:05:33
================================================================================
[2026-01-15T11:06:29.566+0000] {manager.py:879} INFO - 
================================================================================
DAG File Processing Stats

File Path                                      PID    Runtime      # DAGs    # Errors  Last Runtime    Last Run
---------------------------------------------  -----  ---------  --------  ----------  --------------  -------------------
/opt/airflow/dags/nyc_taxi_price_predictor.py                           1           0  1.11s           2026-01-15T11:06:04
================================================================================
[2026-01-15T11:06:59.771+0000] {manager.py:879} INFO - 
================================================================================
DAG File Processing Stats

File Path                                      PID    Runtime      # DAGs    # Errors  Last Runtime    Last Run
---------------------------------------------  -----  ---------  --------  ----------  --------------  -------------------
/opt/airflow/dags/nyc_taxi_price_predictor.py                           1           0  1.10s           2026-01-15T11:06:35
================================================================================
[2026-01-15T11:07:30.278+0000] {manager.py:879} INFO - 
================================================================================
DAG File Processing Stats

File Path                                      PID    Runtime      # DAGs    # Errors  Last Runtime    Last Run
---------------------------------------------  -----  ---------  --------  ----------  --------------  -------------------
/opt/airflow/dags/nyc_taxi_price_predictor.py                           1           0  1.17s           2026-01-15T11:07:07
================================================================================
[2026-01-15T11:08:00.609+0000] {manager.py:879} INFO - 
================================================================================
DAG File Processing Stats

File Path                                      PID    Runtime      # DAGs    # Errors  Last Runtime    Last Run
---------------------------------------------  -----  ---------  --------  ----------  --------------  -------------------
/opt/airflow/dags/nyc_taxi_price_predictor.py                           1           0  2.92s           2026-01-15T11:07:40
================================================================================
[2026-01-15T11:08:25.770+0000] {manager.py:738} INFO - Searching for files in /opt/airflow/dags
[2026-01-15T11:08:25.808+0000] {manager.py:741} INFO - There are 1 files in /opt/airflow/dags
[2026-01-15T11:08:30.851+0000] {manager.py:879} INFO - 
================================================================================
DAG File Processing Stats

File Path                                      PID    Runtime      # DAGs    # Errors  Last Runtime    Last Run
---------------------------------------------  -----  ---------  --------  ----------  --------------  -------------------
/opt/airflow/dags/nyc_taxi_price_predictor.py                           1           0  1.12s           2026-01-15T11:08:11
================================================================================
[2026-01-15T11:09:01.039+0000] {manager.py:879} INFO - 
================================================================================
DAG File Processing Stats

File Path                                      PID    Runtime      # DAGs    # Errors  Last Runtime    Last Run
---------------------------------------------  -----  ---------  --------  ----------  --------------  -------------------
/opt/airflow/dags/nyc_taxi_price_predictor.py                           1           0  0.99s           2026-01-15T11:08:42
================================================================================
[2026-01-15T11:09:31.244+0000] {manager.py:879} INFO - 
================================================================================
DAG File Processing Stats

File Path                                      PID    Runtime      # DAGs    # Errors  Last Runtime    Last Run
---------------------------------------------  -----  ---------  --------  ----------  --------------  -------------------
/opt/airflow/dags/nyc_taxi_price_predictor.py                           1           0  1.10s           2026-01-15T11:09:14
================================================================================
[2026-01-15T11:10:01.495+0000] {manager.py:879} INFO - 
================================================================================
DAG File Processing Stats

File Path                                      PID    Runtime      # DAGs    # Errors  Last Runtime    Last Run
---------------------------------------------  -----  ---------  --------  ----------  --------------  -------------------
/opt/airflow/dags/nyc_taxi_price_predictor.py                           1           0  1.11s           2026-01-15T11:09:45
================================================================================
[2026-01-15T11:10:31.713+0000] {manager.py:879} INFO - 
================================================================================
DAG File Processing Stats

File Path                                      PID    Runtime      # DAGs    # Errors  Last Runtime    Last Run
---------------------------------------------  -----  ---------  --------  ----------  --------------  -------------------
/opt/airflow/dags/nyc_taxi_price_predictor.py                           1           0  1.11s           2026-01-15T11:10:16
================================================================================
[2026-01-15T11:11:01.914+0000] {manager.py:879} INFO - 
================================================================================
DAG File Processing Stats

File Path                                      PID    Runtime      # DAGs    # Errors  Last Runtime    Last Run
---------------------------------------------  -----  ---------  --------  ----------  --------------  -------------------
/opt/airflow/dags/nyc_taxi_price_predictor.py                           1           0  1.04s           2026-01-15T11:10:47
================================================================================
[2026-01-15T11:11:32.121+0000] {manager.py:879} INFO - 
================================================================================
DAG File Processing Stats

File Path                                      PID    Runtime      # DAGs    # Errors  Last Runtime    Last Run
---------------------------------------------  -----  ---------  --------  ----------  --------------  -------------------
/opt/airflow/dags/nyc_taxi_price_predictor.py                           1           0  1.08s           2026-01-15T11:11:19
================================================================================
[2026-01-15T11:12:02.345+0000] {manager.py:879} INFO - 
================================================================================
DAG File Processing Stats

File Path                                      PID    Runtime      # DAGs    # Errors  Last Runtime    Last Run
---------------------------------------------  -----  ---------  --------  ----------  --------------  -------------------
/opt/airflow/dags/nyc_taxi_price_predictor.py                           1           0  1.50s           2026-01-15T11:11:50
================================================================================
[2026-01-15T11:12:21.392+0000] {manager.py:451} INFO - Exiting gracefully upon receiving signal 15
[2026-01-15T11:12:21.395+0000] {manager.py:451} INFO - Exiting gracefully upon receiving signal 15
[2026-01-21T23:21:37.898+0000] {manager.py:469} INFO - Processing files using up to 2 processes at a time 
[2026-01-21T23:21:37.900+0000] {manager.py:470} INFO - Process each file at most once every 30 seconds
[2026-01-21T23:21:37.900+0000] {manager.py:471} INFO - Checking for new files in /opt/airflow/dags every 300 seconds
[2026-01-21T23:21:37.901+0000] {manager.py:738} INFO - Searching for files in /opt/airflow/dags
[2026-01-21T23:21:37.950+0000] {manager.py:741} INFO - There are 1 files in /opt/airflow/dags
[2026-01-21T23:21:38.202+0000] {manager.py:879} INFO - 
================================================================================
DAG File Processing Stats

File Path                                        PID  Runtime      # DAGs    # Errors  Last Runtime    Last Run
---------------------------------------------  -----  ---------  --------  ----------  --------------  ----------
/opt/airflow/dags/nyc_taxi_price_predictor.py    175  0.05s             0           0
================================================================================
[2026-01-21T23:22:08.219+0000] {manager.py:879} INFO - 
================================================================================
DAG File Processing Stats

File Path                                      PID    Runtime      # DAGs    # Errors  Last Runtime    Last Run
---------------------------------------------  -----  ---------  --------  ----------  --------------  -------------------
/opt/airflow/dags/nyc_taxi_price_predictor.py                           1           0  3.90s           2026-01-21T23:21:42
================================================================================
[2026-01-21T23:22:38.552+0000] {manager.py:879} INFO - 
================================================================================
DAG File Processing Stats

File Path                                      PID    Runtime      # DAGs    # Errors  Last Runtime    Last Run
---------------------------------------------  -----  ---------  --------  ----------  --------------  -------------------
/opt/airflow/dags/nyc_taxi_price_predictor.py                           1           0  1.22s           2026-01-21T23:22:13
================================================================================
[2026-01-21T23:23:08.785+0000] {manager.py:879} INFO - 
================================================================================
DAG File Processing Stats

File Path                                      PID    Runtime      # DAGs    # Errors  Last Runtime    Last Run
---------------------------------------------  -----  ---------  --------  ----------  --------------  -------------------
/opt/airflow/dags/nyc_taxi_price_predictor.py                           1           0  1.17s           2026-01-21T23:22:44
================================================================================
[2026-01-21T23:23:39.058+0000] {manager.py:879} INFO - 
================================================================================
DAG File Processing Stats

File Path                                      PID    Runtime      # DAGs    # Errors  Last Runtime    Last Run
---------------------------------------------  -----  ---------  --------  ----------  --------------  -------------------
/opt/airflow/dags/nyc_taxi_price_predictor.py                           1           0  1.15s           2026-01-21T23:23:15
================================================================================
[2026-01-21T23:24:09.283+0000] {manager.py:879} INFO - 
================================================================================
DAG File Processing Stats

File Path                                      PID    Runtime      # DAGs    # Errors  Last Runtime    Last Run
---------------------------------------------  -----  ---------  --------  ----------  --------------  -------------------
/opt/airflow/dags/nyc_taxi_price_predictor.py                           1           0  1.25s           2026-01-21T23:23:47
================================================================================
[2026-01-21T23:24:39.680+0000] {manager.py:879} INFO - 
================================================================================
DAG File Processing Stats

File Path                                      PID    Runtime      # DAGs    # Errors  Last Runtime    Last Run
---------------------------------------------  -----  ---------  --------  ----------  --------------  -------------------
/opt/airflow/dags/nyc_taxi_price_predictor.py                           1           0  1.11s           2026-01-21T23:24:18
================================================================================
[2026-01-21T23:25:09.928+0000] {manager.py:879} INFO - 
================================================================================
DAG File Processing Stats

File Path                                      PID    Runtime      # DAGs    # Errors  Last Runtime    Last Run
---------------------------------------------  -----  ---------  --------  ----------  --------------  -------------------
/opt/airflow/dags/nyc_taxi_price_predictor.py                           1           0  1.12s           2026-01-21T23:24:49
================================================================================
[2026-01-21T23:25:40.150+0000] {manager.py:879} INFO - 
================================================================================
DAG File Processing Stats

File Path                                      PID    Runtime      # DAGs    # Errors  Last Runtime    Last Run
---------------------------------------------  -----  ---------  --------  ----------  --------------  -------------------
/opt/airflow/dags/nyc_taxi_price_predictor.py                           1           0  1.13s           2026-01-21T23:25:21
================================================================================
[2026-01-21T23:26:10.404+0000] {manager.py:879} INFO - 
================================================================================
DAG File Processing Stats

File Path                                      PID    Runtime      # DAGs    # Errors  Last Runtime    Last Run
---------------------------------------------  -----  ---------  --------  ----------  --------------  -------------------
/opt/airflow/dags/nyc_taxi_price_predictor.py                           1           0  1.17s           2026-01-21T23:25:52
================================================================================
[2026-01-21T23:26:38.653+0000] {manager.py:738} INFO - Searching for files in /opt/airflow/dags
[2026-01-21T23:26:38.686+0000] {manager.py:741} INFO - There are 1 files in /opt/airflow/dags
[2026-01-21T23:26:40.711+0000] {manager.py:879} INFO - 
================================================================================
DAG File Processing Stats

File Path                                      PID    Runtime      # DAGs    # Errors  Last Runtime    Last Run
---------------------------------------------  -----  ---------  --------  ----------  --------------  -------------------
/opt/airflow/dags/nyc_taxi_price_predictor.py                           1           0  1.11s           2026-01-21T23:26:23
================================================================================
[2026-01-21T23:27:10.921+0000] {manager.py:879} INFO - 
================================================================================
DAG File Processing Stats

File Path                                      PID    Runtime      # DAGs    # Errors  Last Runtime    Last Run
---------------------------------------------  -----  ---------  --------  ----------  --------------  -------------------
/opt/airflow/dags/nyc_taxi_price_predictor.py                           1           0  1.08s           2026-01-21T23:26:54
================================================================================
[2026-01-21T23:27:41.143+0000] {manager.py:879} INFO - 
================================================================================
DAG File Processing Stats

File Path                                      PID    Runtime      # DAGs    # Errors  Last Runtime    Last Run
---------------------------------------------  -----  ---------  --------  ----------  --------------  -------------------
/opt/airflow/dags/nyc_taxi_price_predictor.py                           1           0  1.09s           2026-01-21T23:27:26
================================================================================
[2026-01-21T23:28:11.371+0000] {manager.py:879} INFO - 
================================================================================
DAG File Processing Stats

File Path                                      PID    Runtime      # DAGs    # Errors  Last Runtime    Last Run
---------------------------------------------  -----  ---------  --------  ----------  --------------  -------------------
/opt/airflow/dags/nyc_taxi_price_predictor.py                           1           0  1.11s           2026-01-21T23:27:57
================================================================================
[2026-01-21T23:28:41.619+0000] {manager.py:879} INFO - 
================================================================================
DAG File Processing Stats

File Path                                      PID    Runtime      # DAGs    # Errors  Last Runtime    Last Run
---------------------------------------------  -----  ---------  --------  ----------  --------------  -------------------
/opt/airflow/dags/nyc_taxi_price_predictor.py                           1           0  1.09s           2026-01-21T23:28:28
================================================================================
[2026-01-21T23:29:11.834+0000] {manager.py:879} INFO - 
================================================================================
DAG File Processing Stats

File Path                                      PID    Runtime      # DAGs    # Errors  Last Runtime    Last Run
---------------------------------------------  -----  ---------  --------  ----------  --------------  -------------------
/opt/airflow/dags/nyc_taxi_price_predictor.py                           1           0  1.23s           2026-01-21T23:28:59
================================================================================
[2026-01-21T23:29:42.225+0000] {manager.py:879} INFO - 
================================================================================
DAG File Processing Stats

File Path                                      PID    Runtime      # DAGs    # Errors  Last Runtime    Last Run
---------------------------------------------  -----  ---------  --------  ----------  --------------  -------------------
/opt/airflow/dags/nyc_taxi_price_predictor.py                           1           0  1.11s           2026-01-21T23:29:31
================================================================================
[2026-01-21T23:30:12.485+0000] {manager.py:879} INFO - 
================================================================================
DAG File Processing Stats

File Path                                      PID    Runtime      # DAGs    # Errors  Last Runtime    Last Run
---------------------------------------------  -----  ---------  --------  ----------  --------------  -------------------
/opt/airflow/dags/nyc_taxi_price_predictor.py                           1           0  1.18s           2026-01-21T23:30:02
================================================================================
[2026-01-21T23:30:42.759+0000] {manager.py:879} INFO - 
================================================================================
DAG File Processing Stats

File Path                                      PID    Runtime      # DAGs    # Errors  Last Runtime    Last Run
---------------------------------------------  -----  ---------  --------  ----------  --------------  -------------------
/opt/airflow/dags/nyc_taxi_price_predictor.py                           1           0  1.15s           2026-01-21T23:30:33
================================================================================
[2026-01-21T23:31:12.978+0000] {manager.py:879} INFO - 
================================================================================
DAG File Processing Stats

File Path                                      PID    Runtime      # DAGs    # Errors  Last Runtime    Last Run
---------------------------------------------  -----  ---------  --------  ----------  --------------  -------------------
/opt/airflow/dags/nyc_taxi_price_predictor.py                           1           0  1.17s           2026-01-21T23:31:05
================================================================================
[2026-01-21T23:31:39.243+0000] {manager.py:738} INFO - Searching for files in /opt/airflow/dags
[2026-01-21T23:31:39.280+0000] {manager.py:741} INFO - There are 1 files in /opt/airflow/dags
[2026-01-21T23:31:43.314+0000] {manager.py:879} INFO - 
================================================================================
DAG File Processing Stats

File Path                                      PID    Runtime      # DAGs    # Errors  Last Runtime    Last Run
---------------------------------------------  -----  ---------  --------  ----------  --------------  -------------------
/opt/airflow/dags/nyc_taxi_price_predictor.py                           1           0  1.17s           2026-01-21T23:31:36
================================================================================
[2026-01-21T23:32:13.520+0000] {manager.py:879} INFO - 
================================================================================
DAG File Processing Stats

File Path                                      PID    Runtime      # DAGs    # Errors  Last Runtime    Last Run
---------------------------------------------  -----  ---------  --------  ----------  --------------  -------------------
/opt/airflow/dags/nyc_taxi_price_predictor.py                           1           0  1.05s           2026-01-21T23:32:07
================================================================================
[2026-01-21T23:32:43.719+0000] {manager.py:879} INFO - 
================================================================================
DAG File Processing Stats

File Path                                      PID    Runtime      # DAGs    # Errors  Last Runtime    Last Run
---------------------------------------------  -----  ---------  --------  ----------  --------------  -------------------
/opt/airflow/dags/nyc_taxi_price_predictor.py                           1           0  1.15s           2026-01-21T23:32:38
================================================================================
[2026-01-21T23:33:13.907+0000] {manager.py:879} INFO - 
================================================================================
DAG File Processing Stats

File Path                                      PID    Runtime      # DAGs    # Errors  Last Runtime    Last Run
---------------------------------------------  -----  ---------  --------  ----------  --------------  -------------------
/opt/airflow/dags/nyc_taxi_price_predictor.py                           1           0  1.07s           2026-01-21T23:33:09
================================================================================
[2026-01-21T23:33:44.136+0000] {manager.py:879} INFO - 
================================================================================
DAG File Processing Stats

File Path                                      PID    Runtime      # DAGs    # Errors  Last Runtime    Last Run
---------------------------------------------  -----  ---------  --------  ----------  --------------  -------------------
/opt/airflow/dags/nyc_taxi_price_predictor.py                           1           0  1.19s           2026-01-21T23:33:41
================================================================================
[2026-01-21T23:34:14.462+0000] {manager.py:879} INFO - 
================================================================================
DAG File Processing Stats

File Path                                      PID    Runtime      # DAGs    # Errors  Last Runtime    Last Run
---------------------------------------------  -----  ---------  --------  ----------  --------------  -------------------
/opt/airflow/dags/nyc_taxi_price_predictor.py                           1           0  1.47s           2026-01-21T23:34:12
================================================================================
[2026-01-21T23:34:45.016+0000] {manager.py:879} INFO - 
================================================================================
DAG File Processing Stats

File Path                                      PID    Runtime      # DAGs    # Errors  Last Runtime    Last Run
---------------------------------------------  -----  ---------  --------  ----------  --------------  -------------------
/opt/airflow/dags/nyc_taxi_price_predictor.py                           1           0  1.14s           2026-01-21T23:34:44
================================================================================
[2026-01-21T23:35:15.216+0000] {manager.py:879} INFO - 
================================================================================
DAG File Processing Stats

File Path                                        PID  Runtime      # DAGs    # Errors  Last Runtime    Last Run
---------------------------------------------  -----  ---------  --------  ----------  --------------  -------------------
/opt/airflow/dags/nyc_taxi_price_predictor.py    861  1.01s             1           0  1.14s           2026-01-21T23:34:44
================================================================================
[2026-01-21T23:35:45.443+0000] {manager.py:879} INFO - 
================================================================================
DAG File Processing Stats

File Path                                        PID  Runtime      # DAGs    # Errors  Last Runtime    Last Run
---------------------------------------------  -----  ---------  --------  ----------  --------------  -------------------
/opt/airflow/dags/nyc_taxi_price_predictor.py    882  0.01s             1           0  1.05s           2026-01-21T23:35:15
================================================================================
[2026-01-21T23:36:15.651+0000] {manager.py:879} INFO - 
================================================================================
DAG File Processing Stats

File Path                                      PID    Runtime      # DAGs    # Errors  Last Runtime    Last Run
---------------------------------------------  -----  ---------  --------  ----------  --------------  -------------------
/opt/airflow/dags/nyc_taxi_price_predictor.py                           1           0  1.79s           2026-01-21T23:35:47
================================================================================
[2026-01-21T23:36:39.569+0000] {manager.py:738} INFO - Searching for files in /opt/airflow/dags
[2026-01-21T23:36:39.613+0000] {manager.py:741} INFO - There are 1 files in /opt/airflow/dags
[2026-01-21T23:36:45.660+0000] {manager.py:879} INFO - 
================================================================================
DAG File Processing Stats

File Path                                      PID    Runtime      # DAGs    # Errors  Last Runtime    Last Run
---------------------------------------------  -----  ---------  --------  ----------  --------------  -------------------
/opt/airflow/dags/nyc_taxi_price_predictor.py                           1           0  1.07s           2026-01-21T23:36:18
================================================================================
[2026-01-21T23:37:15.910+0000] {manager.py:879} INFO - 
================================================================================
DAG File Processing Stats

File Path                                      PID    Runtime      # DAGs    # Errors  Last Runtime    Last Run
---------------------------------------------  -----  ---------  --------  ----------  --------------  -------------------
/opt/airflow/dags/nyc_taxi_price_predictor.py                           1           0  1.27s           2026-01-21T23:36:49
================================================================================
[2026-01-21T23:37:46.372+0000] {manager.py:879} INFO - 
================================================================================
DAG File Processing Stats

File Path                                      PID    Runtime      # DAGs    # Errors  Last Runtime    Last Run
---------------------------------------------  -----  ---------  --------  ----------  --------------  -------------------
/opt/airflow/dags/nyc_taxi_price_predictor.py                           1           0  1.21s           2026-01-21T23:37:21
================================================================================
[2026-01-21T23:38:16.597+0000] {manager.py:879} INFO - 
================================================================================
DAG File Processing Stats

File Path                                      PID    Runtime      # DAGs    # Errors  Last Runtime    Last Run
---------------------------------------------  -----  ---------  --------  ----------  --------------  -------------------
/opt/airflow/dags/nyc_taxi_price_predictor.py                           1           0  1.08s           2026-01-21T23:37:52
================================================================================
[2026-01-21T23:38:46.877+0000] {manager.py:879} INFO - 
================================================================================
DAG File Processing Stats

File Path                                      PID    Runtime      # DAGs    # Errors  Last Runtime    Last Run
---------------------------------------------  -----  ---------  --------  ----------  --------------  -------------------
/opt/airflow/dags/nyc_taxi_price_predictor.py                           1           0  1.07s           2026-01-21T23:38:23
================================================================================
[2026-01-21T23:39:17.088+0000] {manager.py:879} INFO - 
================================================================================
DAG File Processing Stats

File Path                                      PID    Runtime      # DAGs    # Errors  Last Runtime    Last Run
---------------------------------------------  -----  ---------  --------  ----------  --------------  -------------------
/opt/airflow/dags/nyc_taxi_price_predictor.py                           1           0  1.26s           2026-01-21T23:38:55
================================================================================
[2026-01-21T23:39:47.548+0000] {manager.py:879} INFO - 
================================================================================
DAG File Processing Stats

File Path                                      PID    Runtime      # DAGs    # Errors  Last Runtime    Last Run
---------------------------------------------  -----  ---------  --------  ----------  --------------  -------------------
/opt/airflow/dags/nyc_taxi_price_predictor.py                           1           0  1.24s           2026-01-21T23:39:26
================================================================================
[2026-01-21T23:40:18.008+0000] {manager.py:879} INFO - 
================================================================================
DAG File Processing Stats

File Path                                      PID    Runtime      # DAGs    # Errors  Last Runtime    Last Run
---------------------------------------------  -----  ---------  --------  ----------  --------------  -------------------
/opt/airflow/dags/nyc_taxi_price_predictor.py                           1           0  1.34s           2026-01-21T23:39:58
================================================================================
[2026-01-21T23:40:48.530+0000] {manager.py:879} INFO - 
================================================================================
DAG File Processing Stats

File Path                                      PID    Runtime      # DAGs    # Errors  Last Runtime    Last Run
---------------------------------------------  -----  ---------  --------  ----------  --------------  -------------------
/opt/airflow/dags/nyc_taxi_price_predictor.py                           1           0  1.22s           2026-01-21T23:40:29
================================================================================
[2026-01-21T23:41:18.932+0000] {manager.py:879} INFO - 
================================================================================
DAG File Processing Stats

File Path                                      PID    Runtime      # DAGs    # Errors  Last Runtime    Last Run
---------------------------------------------  -----  ---------  --------  ----------  --------------  -------------------
/opt/airflow/dags/nyc_taxi_price_predictor.py                           1           0  1.19s           2026-01-21T23:41:00
================================================================================
[2026-01-21T23:41:40.095+0000] {manager.py:738} INFO - Searching for files in /opt/airflow/dags
[2026-01-21T23:41:40.140+0000] {manager.py:741} INFO - There are 1 files in /opt/airflow/dags
[2026-01-21T23:41:49.212+0000] {manager.py:879} INFO - 
================================================================================
DAG File Processing Stats

File Path                                      PID    Runtime      # DAGs    # Errors  Last Runtime    Last Run
---------------------------------------------  -----  ---------  --------  ----------  --------------  -------------------
/opt/airflow/dags/nyc_taxi_price_predictor.py                           1           0  1.26s           2026-01-21T23:41:32
================================================================================
[2026-01-21T23:42:19.597+0000] {manager.py:879} INFO - 
================================================================================
DAG File Processing Stats

File Path                                      PID    Runtime      # DAGs    # Errors  Last Runtime    Last Run
---------------------------------------------  -----  ---------  --------  ----------  --------------  -------------------
/opt/airflow/dags/nyc_taxi_price_predictor.py                           1           0  1.24s           2026-01-21T23:42:03
================================================================================
[2026-01-21T23:42:49.821+0000] {manager.py:879} INFO - 
================================================================================
DAG File Processing Stats

File Path                                      PID    Runtime      # DAGs    # Errors  Last Runtime    Last Run
---------------------------------------------  -----  ---------  --------  ----------  --------------  -------------------
/opt/airflow/dags/nyc_taxi_price_predictor.py                           1           0  1.25s           2026-01-21T23:42:34
================================================================================
[2026-01-21T23:43:20.248+0000] {manager.py:879} INFO - 
================================================================================
DAG File Processing Stats

File Path                                      PID    Runtime      # DAGs    # Errors  Last Runtime    Last Run
---------------------------------------------  -----  ---------  --------  ----------  --------------  -------------------
/opt/airflow/dags/nyc_taxi_price_predictor.py                           1           0  1.26s           2026-01-21T23:43:06
================================================================================
[2026-01-21T23:43:50.714+0000] {manager.py:879} INFO - 
================================================================================
DAG File Processing Stats

File Path                                      PID    Runtime      # DAGs    # Errors  Last Runtime    Last Run
---------------------------------------------  -----  ---------  --------  ----------  --------------  -------------------
/opt/airflow/dags/nyc_taxi_price_predictor.py                           1           0  1.24s           2026-01-21T23:43:37
================================================================================
[2026-01-21T23:44:21.119+0000] {manager.py:879} INFO - 
================================================================================
DAG File Processing Stats

File Path                                      PID    Runtime      # DAGs    # Errors  Last Runtime    Last Run
---------------------------------------------  -----  ---------  --------  ----------  --------------  -------------------
/opt/airflow/dags/nyc_taxi_price_predictor.py                           1           0  1.40s           2026-01-21T23:44:09
================================================================================
[2026-01-21T23:44:51.709+0000] {manager.py:879} INFO - 
================================================================================
DAG File Processing Stats

File Path                                      PID    Runtime      # DAGs    # Errors  Last Runtime    Last Run
---------------------------------------------  -----  ---------  --------  ----------  --------------  -------------------
/opt/airflow/dags/nyc_taxi_price_predictor.py                           1           0  1.31s           2026-01-21T23:44:40
================================================================================
[2026-01-21T23:45:22.207+0000] {manager.py:879} INFO - 
================================================================================
DAG File Processing Stats

File Path                                      PID    Runtime      # DAGs    # Errors  Last Runtime    Last Run
---------------------------------------------  -----  ---------  --------  ----------  --------------  -------------------
/opt/airflow/dags/nyc_taxi_price_predictor.py                           1           0  1.47s           2026-01-21T23:45:12
================================================================================
[2026-01-21T23:45:52.217+0000] {manager.py:879} INFO - 
================================================================================
DAG File Processing Stats

File Path                                      PID    Runtime      # DAGs    # Errors  Last Runtime    Last Run
---------------------------------------------  -----  ---------  --------  ----------  --------------  -------------------
/opt/airflow/dags/nyc_taxi_price_predictor.py                           1           0  1.36s           2026-01-21T23:45:44
================================================================================
[2026-01-21T23:46:22.436+0000] {manager.py:879} INFO - 
================================================================================
DAG File Processing Stats

File Path                                      PID    Runtime      # DAGs    # Errors  Last Runtime    Last Run
---------------------------------------------  -----  ---------  --------  ----------  --------------  -------------------
/opt/airflow/dags/nyc_taxi_price_predictor.py                           1           0  1.43s           2026-01-21T23:46:15
================================================================================
[2026-01-21T23:46:40.561+0000] {manager.py:738} INFO - Searching for files in /opt/airflow/dags
[2026-01-21T23:46:40.598+0000] {manager.py:741} INFO - There are 1 files in /opt/airflow/dags
[2026-01-21T23:46:53.032+0000] {manager.py:879} INFO - 
================================================================================
DAG File Processing Stats

File Path                                      PID    Runtime      # DAGs    # Errors  Last Runtime    Last Run
---------------------------------------------  -----  ---------  --------  ----------  --------------  -------------------
/opt/airflow/dags/nyc_taxi_price_predictor.py                           1           0  1.02s           2026-01-21T23:46:46
================================================================================
[2026-01-21T23:47:23.275+0000] {manager.py:879} INFO - 
================================================================================
DAG File Processing Stats

File Path                                      PID    Runtime      # DAGs    # Errors  Last Runtime    Last Run
---------------------------------------------  -----  ---------  --------  ----------  --------------  -------------------
/opt/airflow/dags/nyc_taxi_price_predictor.py                           1           0  1.05s           2026-01-21T23:47:18
================================================================================
[2026-01-21T23:47:53.486+0000] {manager.py:879} INFO - 
================================================================================
DAG File Processing Stats

File Path                                      PID    Runtime      # DAGs    # Errors  Last Runtime    Last Run
---------------------------------------------  -----  ---------  --------  ----------  --------------  -------------------
/opt/airflow/dags/nyc_taxi_price_predictor.py                           1           0  1.12s           2026-01-21T23:47:49
================================================================================
[2026-01-21T23:48:23.692+0000] {manager.py:879} INFO - 
================================================================================
DAG File Processing Stats

File Path                                      PID    Runtime      # DAGs    # Errors  Last Runtime    Last Run
---------------------------------------------  -----  ---------  --------  ----------  --------------  -------------------
/opt/airflow/dags/nyc_taxi_price_predictor.py                           1           0  1.04s           2026-01-21T23:48:20
================================================================================
[2026-01-21T23:48:53.933+0000] {manager.py:879} INFO - 
================================================================================
DAG File Processing Stats

File Path                                      PID    Runtime      # DAGs    # Errors  Last Runtime    Last Run
---------------------------------------------  -----  ---------  --------  ----------  --------------  -------------------
/opt/airflow/dags/nyc_taxi_price_predictor.py                           1           0  1.26s           2026-01-21T23:48:52
================================================================================
[2026-01-21T23:49:24.362+0000] {manager.py:879} INFO - 
================================================================================
DAG File Processing Stats

File Path                                      PID    Runtime      # DAGs    # Errors  Last Runtime    Last Run
---------------------------------------------  -----  ---------  --------  ----------  --------------  -------------------
/opt/airflow/dags/nyc_taxi_price_predictor.py                           1           0  1.31s           2026-01-21T23:49:23
================================================================================
[2026-01-21T23:49:43.136+0000] {manager.py:451} INFO - Exiting gracefully upon receiving signal 15
